Country Name,Country Code,Indicator Name,Indicator Code,1960,1961,1962,1963,1964,1965,1966,1967,1968,1969,1970,1971,1972,1973,1974,1975,1976,1977,1978,1979,1980,1981,1982,1983,1984,1985,1986,1987,1988,1989,1990,1991,1992,1993,1994,1995,1996,1997,1998,1999,2000,2001,2002,2003,2004,2005,2006,2007,2008,2009,2010,2011,2012,2013,2014,2015,2016,2017,2018,2019,2020,2021,2022,2023
Aruba,ABW,"Unemployment, total (% of total labor force) (modeled ILO estimate)",SL.UEM.TOTL.ZS,,,,,,,,,,,,,,,,,,,,,,,,,,,,,,,,,,,,,,,,,,,,,,,,,,,,,,,,,,,,,,,,
Africa Eastern and Southern,AFE,"Unemployment, total (% of total labor force) (modeled ILO estimate)",SL.UEM.TOTL.ZS,,,,,,,,,,,,,,,,,,,,,,,,,,,,,,,,7.837951136,7.991724772,7.980381768,7.841372465,7.562129535,7.444471103,7.385646719,7.444838003,7.516038038,7.470910907,7.347151318,7.30809988,7.264898544,7.063270066,6.878496998,6.802394227,6.746265679,6.736798063,6.859294436,7.275363904,7.149301206,6.98489436,6.904383036,6.884500416,6.983064052,7.152156937,7.274298271,7.237562582,7.426776832,7.910290511,8.303938952,7.748144367,7.740008134
Afghanistan,AFG,"Unemployment, total (% of total labor force) (modeled ILO estimate)",SL.UEM.TOTL.ZS,,,,,,,,,,,,,,,,,,,,,,,,,,,,,,,,7.942,7.94,7.945,7.947,7.942,7.934,7.932,7.939,7.942,7.942,7.942,7.935,7.929,7.926,7.925,7.925,7.924,7.928,7.923,7.921,7.918,7.914,7.914,7.91,9.002,10.092,11.18,11.131,11.082,11.71,12.075,14.1,15.378
Africa Western and Central,AFW,"Unemployment, total (% of total labor force) (modeled ILO estimate)",SL.UEM.TOTL.ZS,,,,,,,,,,,,,,,,,,,,,,,,,,,,,,,,4.325942352,4.445919274,4.590287102,4.62285417,4.611334759,4.514581494,4.470926934,4.482158233,4.709653173,4.767678866,4.692619302,4.470716103,4.372864352,4.306412643,4.335384372,4.218898665,4.195954767,4.211853979,4.252491146,4.225754623,4.201854899,4.159264285,3.816216105,3.932125352,4.197575565,4.164129809,4.238482072,4.266694974,4.277482762,4.737500864,4.585014202,3.80907955,3.664500291
Angola,AGO,"Unemployment, total (% of total labor force) (modeled ILO estimate)",SL.UEM.TOTL.ZS,,,,,,,,,,,,,,,,,,,,,,,,,,,,,,,,16.668,16.857,17.46,17.483,16.924,15.967,15.84,16.117,16.43,16.562,16.597,16.317,16.34,16.187,16.173,15.969,15.905,16.013,16.298,16.551,16.77,16.495,16.423,16.317,16.448,16.577,16.639,16.626,16.5,16.698,15.8,14.478,14.223
Albania,ALB,"Unemployment, total (% of total labor force) (modeled ILO estimate)",SL.UEM.TOTL.ZS,,,,,,,,,,,,,,,,,,,,,,,,,,,,,,,,10.307,30.015,25.258,20.84,14.611,13.931,16.876,20.047,20.84,19.028,18.575,17.895,16.989,16.31,15.97,15.63,15.97,13.06,13.67,14.09,13.48,13.38,15.87,18.05,17.19,15.42,13.62,12.3,11.47,12.833,12.59,11.629,11.083
Andorra,AND,"Unemployment, total (% of total labor force) (modeled ILO estimate)",SL.UEM.TOTL.ZS,,,,,,,,,,,,,,,,,,,,,,,,,,,,,,,,,,,,,,,,,,,,,,,,,,,,,,,,,,,,,,,,
Arab World,ARB,"Unemployment, total (% of total labor force) (modeled ILO estimate)",SL.UEM.TOTL.ZS,,,,,,,,,,,,,,,,,,,,,,,,,,,,,,,,11.67384912,11.9046487,12.62952527,12.75006712,13.21112042,12.2221143,11.73452823,11.70088905,11.86029532,12.34609238,12.22806357,12.24775038,12.20914943,11.23530829,11.06011195,10.35228803,9.964707404,9.677903752,9.307563346,9.383229378,10.47760103,10.95835558,11.02971277,11.12026718,11.28276128,11.07654706,11.45383984,11.05924888,10.67356714,11.97501803,11.68417612,10.73288342,10.75828335
United Arab Emirates,ARE,"Unemployment, total (% of total labor force) (modeled ILO estimate)",SL.UEM.TOTL.ZS,,,,,,,,,,,,,,,,,,,,,,,,,,,,,,,,1.66,1.737,1.907,1.838,1.8,1.841,1.914,2.071,2.195,2.25,2.441,2.653,2.892,2.963,3.12,2.96,2.917,2.795,2.887,2.756,2.544,2.256,2.07,1.956,1.789,1.64,2.46,2.24,2.33,4.29,3.11,2.971,2.953
Argentina,ARG,"Unemployment, total (% of total labor force) (modeled ILO estimate)",SL.UEM.TOTL.ZS,,,,,,,,,,,,,,,,,,,,,,,,,,,,,,,,5.44,6.36,10.1,11.76,18.8,17.11,14.82,12.65,14.05,15,17.32,19.59,15.36,13.52,11.51,10.08,8.47,7.84,8.65,7.71,7.18,7.22,7.1,7.27,7.583,8.085,8.35,9.22,9.84,11.46,8.74,6.805,6.841
Armenia,ARM,"Unemployment, total (% of total labor force) (modeled ILO estimate)",SL.UEM.TOTL.ZS,,,,,,,,,,,,,,,,,,,,,,,,,,,,,,,,1.6,1.8,5.3,6.6,6.7,9.3,10.8,9.4,11.2,11.023,10.848,10.651,10.463,10.3,10.137,9.979,9.81,10.126,10.512,10.851,11.16,11.385,11.682,11.989,12.308,12.625,12.914,13.21,12.2,12.18,10.01,8.588,8.378
American Samoa,ASM,"Unemployment, total (% of total labor force) (modeled ILO estimate)",SL.UEM.TOTL.ZS,,,,,,,,,,,,,,,,,,,,,,,,,,,,,,,,,,,,,,,,,,,,,,,,,,,,,,,,,,,,,,,,
Antigua and Barbuda,ATG,"Unemployment, total (% of total labor force) (modeled ILO estimate)",SL.UEM.TOTL.ZS,,,,,,,,,,,,,,,,,,,,,,,,,,,,,,,,,,,,,,,,,,,,,,,,,,,,,,,,,,,,,,,,
Australia,AUS,"Unemployment, total (% of total labor force) (modeled ILO estimate)",SL.UEM.TOTL.ZS,,,,,,,,,,,,,,,,,,,,,,,,,,,,,,,,9.59,10.73,10.88,9.72,8.47,8.51,8.37,7.68,6.88,6.29,6.75,6.38,5.93,5.4,5.04,4.79,4.38,4.24,5.57,5.21,5.08,5.23,5.66,6.08,6.06,5.71,5.59,5.3,5.16,6.46,5.12,3.7,3.618
Austria,AUT,"Unemployment, total (% of total labor force) (modeled ILO estimate)",SL.UEM.TOTL.ZS,,,,,,,,,,,,,,,,,,,,,,,,,,,,,,,,3.42,3.59,4.25,3.54,4.35,5.28,5.15,5.52,4.7,4.69,4.01,4.85,4.78,5.97,5.68,5.32,4.91,4.2,5.37,4.88,4.64,4.91,5.37,5.67,5.8,6.06,5.56,4.93,4.56,5.2,6.46,4.99,5.268
Azerbaijan,AZE,"Unemployment, total (% of total labor force) (modeled ILO estimate)",SL.UEM.TOTL.ZS,,,,,,,,,,,,,,,,,,,,,,,,,,,,,,,,0.9,1.8,4.5,6.3,7.2,8.1,9.1,10,10.9,11.78,10.91,10.04,9.17,7.99,7.26,6.62,6.33,5.86,5.74,5.63,5.42,5.19,4.97,4.91,4.96,5,5,4.9,5,7.24,6.04,5.65,5.64
Burundi,BDI,"Unemployment, total (% of total labor force) (modeled ILO estimate)",SL.UEM.TOTL.ZS,,,,,,,,,,,,,,,,,,,,,,,,,,,,,,,,3.195,3.252,3.381,3.347,3.391,3.399,3.307,3.212,3.29,3.285,3.239,3.202,3.281,3.19,3.244,3.18,2.424,1.63,1.625,1.604,1.602,1.589,1.575,1.57,1.517,1.383,1.263,1.143,1.027,1.03,1.138,0.906,0.86
Belgium,BEL,"Unemployment, total (% of total labor force) (modeled ILO estimate)",SL.UEM.TOTL.ZS,,,,,,,,,,,,,,,,,,,,,,,,,,,,,,,,6.98,6.7,8.08,9.65,9.34,9.48,8.95,9.32,8.65,6.59,6.18,6.91,7.68,7.36,8.44,8.25,7.46,6.98,7.91,8.29,7.14,7.54,8.43,8.52,8.48,7.83,7.09,5.95,5.36,5.55,6.26,5.56,5.541
Benin,BEN,"Unemployment, total (% of total labor force) (modeled ILO estimate)",SL.UEM.TOTL.ZS,,,,,,,,,,,,,,,,,,,,,,,,,,,,,,,,1.691,1.51,1.517,1.495,1.32,1.273,1.1,1.06,0.955,0.868,0.763,0.69,0.752,0.796,0.877,0.898,0.9,0.872,0.93,1.04,2.65,2.392,2.044,1.808,1.811,1.843,1.749,1.47,1.372,1.616,1.784,1.476,1.411
Burkina Faso,BFA,"Unemployment, total (% of total labor force) (modeled ILO estimate)",SL.UEM.TOTL.ZS,,,,,,,,,,,,,,,,,,,,,,,,,,,,,,,,2.431,2.481,2.38,2.58,2.53,2.428,2.394,2.44,2.565,2.721,2.78,2.91,2.78,3.508,4,3.676,3.3,3.525,3.779,3.741,3.836,3.825,4.054,4.28,4.526,4.651,4.691,4.69,4.708,5.148,5.36,5.065,5.001
Bangladesh,BGD,"Unemployment, total (% of total labor force) (modeled ILO estimate)",SL.UEM.TOTL.ZS,,,,,,,,,,,,,,,,,,,,,,,,,,,,,,,,2.2,2.26,2.323,2.385,2.448,2.51,2.7,2.89,3.081,3.27,3.617,3.968,4.32,4.288,4.25,3.59,4.055,4.525,5,3.38,3.73,4.079,4.43,4.405,4.379,4.35,4.37,4.373,4.376,5.316,5.246,4.271,4.186
Bulgaria,BGR,"Unemployment, total (% of total labor force) (modeled ILO estimate)",SL.UEM.TOTL.ZS,,,,,,,,,,,,,,,,,,,,,,,,,,,,,,,,11.1,15.3,16.4,12.8,11.1,12.5,13.7,12.2,14.1,16.22,19.92,18.11,13.73,12.04,10.08,8.95,6.88,5.61,6.82,10.28,11.26,12.27,12.94,11.42,9.14,7.57,6.16,5.21,4.23,5.12,5.27,4.27,4.185
Bahrain,BHR,"Unemployment, total (% of total labor force) (modeled ILO estimate)",SL.UEM.TOTL.ZS,,,,,,,,,,,,,,,,,,,,,,,,,,,,,,,,1.144,1.059,0.963,1.094,1.129,1.258,1.202,1.186,1.18,1.145,1.176,1.187,1.169,1.101,1.052,1.046,1.027,1.03,1.077,1.13,1.207,1.2,1.182,1.147,1.166,1.193,1.192,1.198,1.22,1.786,1.548,1.339,1.303
"Bahamas, The",BHS,"Unemployment, total (% of total labor force) (modeled ILO estimate)",SL.UEM.TOTL.ZS,,,,,,,,,,,,,,,,,,,,,,,,,,,,,,,,12.17,14.81,12.72,13.83,10.83,11.46,9.76,7.65,7.45,7.238,6.87,9.05,10.84,10.2,10.2,7.54,7.88,8.18,14.25,14.433,14.52,14.02,16.18,13.8,12,12.7,9.8,10,9.933,12.563,11.579,10.089,9.503
Bosnia and Herzegovina,BIH,"Unemployment, total (% of total labor force) (modeled ILO estimate)",SL.UEM.TOTL.ZS,,,,,,,,,,,,,,,,,,,,,,,,,,,,,,,,17.55,18.511,19.451,20.289,21.066,21.838,22.699,23.596,24.554,25.483,26.489,27.432,28.416,29.293,30.213,31.11,28.98,23.41,24.07,27.31,27.58,28.01,27.49,27.52,27.69,25.41,20.53,18.4,15.69,15.87,14.9,12.66,11.827
Belarus,BLR,"Unemployment, total (% of total labor force) (modeled ILO estimate)",SL.UEM.TOTL.ZS,,,,,,,,,,,,,,,,,,,,,,,,,,,,,,,,0.6,3.1,8.5,12.8,17.7,24.4,17.1,14,12.8,12.169,11.519,10.832,10.149,9.436,8.742,8.059,7.404,6.732,6.1,6.054,6.022,5.968,5.944,5.908,5.878,5.84,5.65,4.76,4.16,4.05,3.9,3.57,3.467
Belize,BLZ,"Unemployment, total (% of total labor force) (modeled ILO estimate)",SL.UEM.TOTL.ZS,,,,,,,,,,,,,,,,,,,,,,,,,,,,,,,,9.643,9.659,9.78,11.1,12.48,13.82,12.68,14.31,12.84,10.808,9.07,10.04,10.363,10.601,10.91,9.39,8.51,8.18,8.335,8.424,8.435,8.38,8.35,8.24,7.58,7,6.6,7.899,9.05,10.619,10.16,8.672,8.219
Bermuda,BMU,"Unemployment, total (% of total labor force) (modeled ILO estimate)",SL.UEM.TOTL.ZS,,,,,,,,,,,,,,,,,,,,,,,,,,,,,,,,,,,,,,,,,,,,,,,,,,,,,,,,,,,,,,,,
Bolivia,BOL,"Unemployment, total (% of total labor force) (modeled ILO estimate)",SL.UEM.TOTL.ZS,,,,,,,,,,,,,,,,,,,,,,,,,,,,,,,,2.934,3.032,3.051,3.08,2.665,2.375,2.08,2.122,2.299,2.439,2.622,2.603,2.653,2.615,2.597,2.574,2.612,2.6,2.97,2.604,2.25,2.07,2.44,2.02,3.11,3.5,3.65,3.52,3.68,7.9,5.09,3.552,4.059
Brazil,BRA,"Unemployment, total (% of total labor force) (modeled ILO estimate)",SL.UEM.TOTL.ZS,,,,,,,,,,,,,,,,,,,,,,,,,,,,,,,,6.254,6.42,6.03,6.577,7.09,8.03,9,10.15,11.13,10.894,10.65,10.64,11.17,10.07,10.55,9.69,9.28,8.27,9.42,8.426,7.58,7.25,7.07,6.76,8.54,11.58,12.79,12.33,11.94,13.7,13.16,9.23,7.776
Barbados,BRB,"Unemployment, total (% of total labor force) (modeled ILO estimate)",SL.UEM.TOTL.ZS,,,,,,,,,,,,,,,,,,,,,,,,,,,,,,,,22.318,22.94,24.54,22.98,19.66,14.71,14.61,12.4,10.61,9.35,9.85,10.32,11,9.57,9.08,8.73,7.41,8.12,10.02,10.69,11.19,11.59,11.55,12.17,9.8,8.25,8.62,8.32,8.41,9.743,9.479,8.501,7.955
Brunei Darussalam,BRN,"Unemployment, total (% of total labor force) (modeled ILO estimate)",SL.UEM.TOTL.ZS,,,,,,,,,,,,,,,,,,,,,,,,,,,,,,,,4.7,4.792,4.889,4.985,5.081,5.174,5.273,5.371,5.465,5.554,5.643,5.734,5.826,5.92,6.015,6.106,6.198,6.293,6.393,6.483,6.569,6.66,6.759,6.86,7.683,8.505,9.32,8.7,6.6,7.41,4.91,4.452,4.463
Bhutan,BTN,"Unemployment, total (% of total labor force) (modeled ILO estimate)",SL.UEM.TOTL.ZS,,,,,,,,,,,,,,,,,,,,,,,,,,,,,,,,1.382,1.385,1.39,1.391,1.393,1.395,1.397,1.4,1.4,1.65,1.9,1.85,1.8,2.49,3.1,3.13,3.7,3.831,3.96,3.32,3.23,2.05,2.87,2.63,2.45,2.747,3.048,3.35,2.72,5.03,4.8,5.95,6.037
Botswana,BWA,"Unemployment, total (% of total labor force) (modeled ILO estimate)",SL.UEM.TOTL.ZS,,,,,,,,,,,,,,,,,,,,,,,,,,,,,,,,13.82,16.35,18.772,21.2,21.393,21.59,20.976,20.86,18.182,15.88,18.54,21.308,23.8,21.739,19.865,17.78,16.901,16.18,16.17,17.86,18.039,17.803,18.059,18.397,18.878,19.336,19.702,19.618,20.09,21.02,23.11,23.62,23.607
Central African Republic,CAF,"Unemployment, total (% of total labor force) (modeled ILO estimate)",SL.UEM.TOTL.ZS,,,,,,,,,,,,,,,,,,,,,,,,,,,,,,,,5.73,5.859,5.926,5.953,5.877,5.82,5.746,5.72,5.719,5.675,5.713,5.745,5.766,5.704,5.684,5.623,5.584,5.537,5.644,5.759,5.732,5.682,5.72,5.833,6.011,6.061,6.108,6.02,6.079,6.66,6.812,6.341,6.256
Canada,CAN,"Unemployment, total (% of total labor force) (modeled ILO estimate)",SL.UEM.TOTL.ZS,,,,,,,,,,,,,,,,,,,,,,,,,,,,,,,,10.32,11.2,11.38,10.4,9.49,9.62,9.1,8.28,7.58,6.83,7.22,7.66,7.57,7.19,6.76,6.48,6.16,6.28,8.46,8.18,7.64,7.39,7.14,7.02,6.95,7.04,6.43,5.84,5.69,9.66,7.53,5.28,5.418
Central Europe and the Baltics,CEB,"Unemployment, total (% of total labor force) (modeled ILO estimate)",SL.UEM.TOTL.ZS,,,,,,,,,,,,,,,,,,,,,,,,,,,,,,,,9.526672377,10.13685426,11.39520423,11.24422969,10.72034656,10.08043629,9.212947694,9.018966741,10.41779554,12.41220269,13.2345834,13.75991554,13.00497967,12.92634248,12.06176788,10.10490764,7.81158468,6.608146601,8.487734842,9.899895756,9.789299135,9.979713566,10.05096102,8.865015805,7.819109135,6.490257736,5.297967906,4.317460946,3.781531339,4.370095877,4.485440064,4.00703038,4.03026941
Switzerland,CHE,"Unemployment, total (% of total labor force) (modeled ILO estimate)",SL.UEM.TOTL.ZS,,,,,,,,,,,,,,,,,,,,,,,,,,,,,,,,1.82,2.34,3.55,3.58,3.09,3.68,4.13,3.57,3.05,2.66,2.49,2.92,4.12,4.32,4.44,3.99,3.64,3.35,4.11,4.81,4.41,4.49,4.75,4.83,4.8,4.92,4.8,4.71,4.39,4.82,5.1,4.3,3.838
Channel Islands,CHI,"Unemployment, total (% of total labor force) (modeled ILO estimate)",SL.UEM.TOTL.ZS,,,,,,,,,,,,,,,,,,,,,,,,,,,,,,,,5.681,6.121,7.073,7.251,6.999,6.928,6.72,6.316,5.949,5.391,5.082,5.351,5.678,5.876,5.806,5.511,5.209,5.277,6.622,6.969,7.206,8.01,8.557,8.354,7.973,7.522,6.949,6.415,6.267,6.718,6.727,6.033,5.937
Chile,CHL,"Unemployment, total (% of total labor force) (modeled ILO estimate)",SL.UEM.TOTL.ZS,,,,,,,,,,,,,,,,,,,,,,,,,,,,,,,,5.23,4.35,4.49,5.87,4.7,7.41,7.14,7.31,11.16,10.49,10.39,10.17,9.77,10.16,9.34,9.02,8.43,9.29,11.31,8.41,7.32,6.64,6.2,6.65,6.49,6.73,6.95,7.21,7.27,10.94,9.28,8.25,9.071
China,CHN,"Unemployment, total (% of total labor force) (modeled ILO estimate)",SL.UEM.TOTL.ZS,,,,,,,,,,,,,,,,,,,,,,,,,,,,,,,,2.37,2.37,2.69,2.9,3,3.12,3.23,3.24,3.25,3.26,3.8,4.24,4.58,4.49,4.52,4.43,4.35,4.59,4.72,4.53,4.55,4.58,4.6,4.63,4.65,4.56,4.47,4.31,4.56,5,4.55,4.98,4.967
Cote d'Ivoire,CIV,"Unemployment, total (% of total labor force) (modeled ILO estimate)",SL.UEM.TOTL.ZS,,,,,,,,,,,,,,,,,,,,,,,,,,,,,,,,6.564,6.7,5.88,5.074,4.1,4.019,3.92,4.1,4.458,4.948,5.369,5.726,6.119,6.128,6.193,6.103,6.388,6.435,6.601,6.558,7.199,7.22,4.25,3.206,2.537,1.9,3.27,2.831,2.4,2.636,2.713,2.489,2.429
Cameroon,CMR,"Unemployment, total (% of total labor force) (modeled ILO estimate)",SL.UEM.TOTL.ZS,,,,,,,,,,,,,,,,,,,,,,,,,,,,,,,,9.348,9.452,9.597,9.203,8.807,8.06,7.829,7.649,7.556,7.516,7.46,6.715,5.898,5.058,4.4,3.727,3.06,3.373,3.735,4.11,3.996,3.84,3.687,3.53,3.507,3.522,3.583,3.632,3.665,3.994,4.145,3.779,3.696
"Congo, Dem. Rep.",COD,"Unemployment, total (% of total labor force) (modeled ILO estimate)",SL.UEM.TOTL.ZS,,,,,,,,,,,,,,,,,,,,,,,,,,,,,,,,3.371,3.513,3.624,3.555,3.388,3.216,3.246,3.283,3.333,3.356,3.366,3.265,3.098,2.987,2.95,3.179,3.412,3.638,3.906,4.122,4.34,4.49,4.469,4.427,4.435,4.556,4.675,4.703,4.67,5.489,5.508,4.685,4.499
"Congo, Rep.",COG,"Unemployment, total (% of total labor force) (modeled ILO estimate)",SL.UEM.TOTL.ZS,,,,,,,,,,,,,,,,,,,,,,,,,,,,,,,,19.98,19.984,20.07,20.403,20.351,20.136,19.944,19.962,20.252,19.913,19.912,19.629,19.908,19.925,19.8,19.516,19.928,19.995,19.851,19.199,19.368,19.444,19.883,19.709,20.275,20.715,21.212,21.275,20.808,22.667,22.622,20.477,19.858
Colombia,COL,"Unemployment, total (% of total labor force) (modeled ILO estimate)",SL.UEM.TOTL.ZS,,,,,,,,,,,,,,,,,,,,,,,,,,,,,,,,10.12,9.44,7.8,8.25,8.72,11.81,12.14,15,20.06,20.52,15.04,14.48,13.22,13.72,11.06,11.089,11.2,11.27,12.07,11.15,10.29,9.96,9.25,8.8,8.57,8.92,9.09,9.36,10.28,15.98,13.9,10.55,9.414
Comoros,COM,"Unemployment, total (% of total labor force) (modeled ILO estimate)",SL.UEM.TOTL.ZS,,,,,,,,,,,,,,,,,,,,,,,,,,,,,,,,4.943,4.543,4.609,4.602,4.764,4.912,4.589,4.663,4.554,4.34,4.307,4.294,4.562,4.57,4.583,4.595,4.662,4.655,4.666,4.599,4.624,4.657,4.665,4.764,4.865,4.937,4.91,4.857,4.944,5.776,5.86,5.745,5.695
Cabo Verde,CPV,"Unemployment, total (% of total labor force) (modeled ILO estimate)",SL.UEM.TOTL.ZS,,,,,,,,,,,,,,,,,,,,,,,,,,,,,,,,13.749,13.61,13.393,12.915,12.838,12.777,13.001,13.056,13.068,12.989,13.278,13.452,13.752,13.524,13.481,13.376,13.24,13.252,13.52,10.67,10.967,11.145,11.395,11.715,11.954,12.087,12.24,12.17,12.147,14.588,14.091,12.44,12.066
Costa Rica,CRI,"Unemployment, total (% of total labor force) (modeled ILO estimate)",SL.UEM.TOTL.ZS,,,,,,,,,,,,,,,,,,,,,,,,,,,,,,,,5.37,3.93,3.95,4.05,5.18,6.16,5.68,5.33,5.9,5.08,6.05,6.4,6.65,6.44,6.75,5.93,4.56,4.93,7.82,7.17,9.52,9.11,8.22,8.5,8.42,8.09,7.73,9.01,10.81,16.43,15.14,11.32,8.518
Caribbean small states,CSS,"Unemployment, total (% of total labor force) (modeled ILO estimate)",SL.UEM.TOTL.ZS,,,,,,,,,,,,,,,,,,,,,,,,,,,,,,,,11.80402012,12.28515865,12.1298693,11.80491899,11.01250673,10.90517865,10.63973968,10.40327246,10.08867938,9.650441001,9.279998257,9.347788191,9.457607061,8.745479399,8.563909275,7.815705503,7.525540602,7.351127084,8.390323663,8.306735595,8.481122023,8.848155881,9.195999216,8.761328685,8.465554889,8.552682244,7.868058294,7.157820226,6.800866601,8.350405432,8.04841798,7.067192476,6.63630934
Cuba,CUB,"Unemployment, total (% of total labor force) (modeled ILO estimate)",SL.UEM.TOTL.ZS,,,,,,,,,,,,,,,,,,,,,,,,,,,,,,,,8.321,8.793,9.283,8.812,8.27,7.61,7.1,6.23,6.26,5.45,4.08,3.31,2.33,1.85,1.95,1.91,1.79,1.58,1.67,2.5,3.18,3.46,3.29,2.7,2.4,2,1.7,1.7,1.2,1.4,1.388,1.254,1.177
Curacao,CUW,"Unemployment, total (% of total labor force) (modeled ILO estimate)",SL.UEM.TOTL.ZS,,,,,,,,,,,,,,,,,,,,,,,,,,,,,,,,,,,,,,,,,,,,,,,,,,,,,,,,,,,,,,,,
Cayman Islands,CYM,"Unemployment, total (% of total labor force) (modeled ILO estimate)",SL.UEM.TOTL.ZS,,,,,,,,,,,,,,,,,,,,,,,,,,,,,,,,,,,,,,,,,,,,,,,,,,,,,,,,,,,,,,,,
Cyprus,CYP,"Unemployment, total (% of total labor force) (modeled ILO estimate)",SL.UEM.TOTL.ZS,,,,,,,,,,,,,,,,,,,,,,,,,,,,,,,,3,2.09,2.7,2.7,2.6,3.1,3.4,3.3,5.53,4.77,4.04,3.34,4.15,4.77,5.48,4.59,3.95,3.76,5.59,6.36,7.94,12.1,16.13,16.28,15.03,13.01,11.16,8.5,7.15,7.76,7.51,6.78,6.43
Czechia,CZE,"Unemployment, total (% of total labor force) (modeled ILO estimate)",SL.UEM.TOTL.ZS,,,,,,,,,,,,,,,,,,,,,,,,,,,,,,,,2.27,2.6,4.32,4.3,4.02,3.89,4.79,6.45,8.7,8.76,8.13,7.28,7.78,8.3,7.93,7.14,5.32,4.39,6.66,7.28,6.71,6.98,6.95,6.11,5.05,3.95,2.89,2.25,2.02,2.55,2.8,2.22,2.56
Germany,DEU,"Unemployment, total (% of total labor force) (modeled ILO estimate)",SL.UEM.TOTL.ZS,,,,,,,,,,,,,,,,,,,,,,,,,,,,,,,,5.32,6.32,7.68,8.73,8.16,8.82,9.86,9.79,8.85,7.92,7.77,8.48,9.78,10.73,11.17,10.25,8.66,7.52,7.74,6.97,5.82,5.38,5.23,4.98,4.62,4.12,3.75,3.38,3.14,3.86,3.64,3.14,3.006
Djibouti,DJI,"Unemployment, total (% of total labor force) (modeled ILO estimate)",SL.UEM.TOTL.ZS,,,,,,,,,,,,,,,,,,,,,,,,,,,,,,,,27.481,27.274,28.08,27.957,28.217,28.011,27.99,27.743,27.307,27.176,27.063,27.036,26.876,26.812,26.815,26.707,26.562,26.391,26.578,26.624,26.526,26.324,26.266,26.273,26.105,25.972,26.06,26.218,26.307,27.848,27.963,26.666,26.281
Dominica,DMA,"Unemployment, total (% of total labor force) (modeled ILO estimate)",SL.UEM.TOTL.ZS,,,,,,,,,,,,,,,,,,,,,,,,,,,,,,,,,,,,,,,,,,,,,,,,,,,,,,,,,,,,,,,,
Denmark,DNK,"Unemployment, total (% of total labor force) (modeled ILO estimate)",SL.UEM.TOTL.ZS,,,,,,,,,,,,,,,,,,,,,,,,,,,,,,,,9.1,9.03,10.72,8.04,6.99,6.84,5.4,5.04,5.14,4.48,4.16,4.27,5.4,5.2,4.83,3.9,3.8,3.68,6.41,7.75,7.77,7.8,7.38,6.93,6.28,5.99,5.83,5.13,5.02,5.64,5.04,4.43,4.832
Dominican Republic,DOM,"Unemployment, total (% of total labor force) (modeled ILO estimate)",SL.UEM.TOTL.ZS,,,,,,,,,,,,,,,,,,,,,,,,,,,,,,,,6.904,6.693,6.323,6.282,6.444,6.491,6.32,6.298,6.305,6.43,7.26,6.78,6.94,6.3,6.59,5.65,5.16,4.76,5.47,5.21,6.09,6.72,7.35,6.72,7.61,7.28,5.83,5.86,6.18,6.13,7.7,5.504,5.606
Algeria,DZA,"Unemployment, total (% of total labor force) (modeled ILO estimate)",SL.UEM.TOTL.ZS,,,,,,,,,,,,,,,,,,,,,,,,,,,,,,,,20.6,24.38,26.23,27.74,31.84,28.32,25.43,26.856,28.542,29.77,27.3,25.9,23.72,17.65,15.27,12.27,13.79,11.33,10.16,9.96,9.96,10.97,9.82,10.21,11.21,10.2,12,12.145,12.275,14.036,13.729,12.491,12.25
East Asia & Pacific (excluding high income),EAP,"Unemployment, total (% of total labor force) (modeled ILO estimate)",SL.UEM.TOTL.ZS,,,,,,,,,,,,,,,,,,,,,,,,,,,,,,,,2.408686889,2.37626665,2.626511708,2.922830639,3.005432022,3.109911111,3.20225417,3.368699057,3.460547331,3.416726329,3.842229163,4.158183616,4.408330937,4.400553372,4.47748878,4.371672453,4.35127738,4.434980808,4.420541747,4.158446769,4.109698693,4.049434419,4.050905048,4.047005699,4.121217771,4.039131557,3.917134082,3.810807486,3.896864976,4.373733073,4.128366909,4.237400493,4.193109201
Early-demographic dividend,EAR,"Unemployment, total (% of total labor force) (modeled ILO estimate)",SL.UEM.TOTL.ZS,,,,,,,,,,,,,,,,,,,,,,,,,,,,,,,,5.860316647,5.925957332,6.088873509,6.36785086,6.729185348,6.67381929,6.609597286,6.787223708,7.063860583,7.143713612,7.289463327,7.568146445,7.561927829,7.531055009,7.538828962,7.244794149,7.153639784,7.043422353,7.12497938,6.942170399,6.805423214,6.846166752,6.781468055,6.711832262,6.859060241,6.766900542,6.689852513,6.700349357,6.227212106,7.264358478,6.647944619,5.549245099,5.363285835
East Asia & Pacific,EAS,"Unemployment, total (% of total labor force) (modeled ILO estimate)",SL.UEM.TOTL.ZS,,,,,,,,,,,,,,,,,,,,,,,,,,,,,,,,2.463699692,2.455039183,2.711848286,2.98023623,3.053363865,3.161252079,3.250527789,3.539661445,3.6465768,3.550779374,3.945892995,4.245390434,4.465980662,4.419376773,4.466448638,4.344074908,4.295801382,4.375142935,4.456934166,4.210146428,4.123517445,4.055604356,4.041017925,4.022670807,4.089824255,4.000693756,3.870993485,3.752488359,3.818123972,4.305246853,4.061667887,4.106946162,4.062844721
Europe & Central Asia (excluding high income),ECA,"Unemployment, total (% of total labor force) (modeled ILO estimate)",SL.UEM.TOTL.ZS,,,,,,,,,,,,,,,,,,,,,,,,,,,,,,,,4.884390468,5.384320388,6.074708753,7.67972748,8.992783996,9.907625942,10.95365386,12.06052171,12.23953182,10.85720569,10.19686808,9.685889751,9.51989045,9.190045531,8.580837551,8.064921293,7.282658552,7.273273408,9.002528531,8.358791926,7.70540704,7.109038015,7.131710954,7.358546596,7.485252822,7.506351019,7.293525728,6.946138311,7.08718141,7.623513211,7.134876404,5.881931604,5.363816657
Europe & Central Asia,ECS,"Unemployment, total (% of total labor force) (modeled ILO estimate)",SL.UEM.TOTL.ZS,,,,,,,,,,,,,,,,,,,,,,,,,,,,,,,,6.910567875,7.498862697,8.627700063,9.627728626,9.906830421,10.25034006,10.50390206,10.69007338,10.59249281,9.769479418,9.084084864,9.094822516,9.114243608,9.087784867,8.735705697,8.086326075,7.170485468,7.075627308,8.906486273,8.980657876,8.728095842,8.943919928,9.146827281,8.893206114,8.505423386,8.037453822,7.431476958,6.833688847,6.588949108,7.05112568,6.871953065,5.821094361,5.573573198
Ecuador,ECU,"Unemployment, total (% of total labor force) (modeled ILO estimate)",SL.UEM.TOTL.ZS,,,,,,,,,,,,,,,,,,,,,,,,,,,,,,,,4.354,4.311,4.384,4.389,4.386,4.399,4.398,4.358,4.645,4.8,4.25,4.824,5.66,5,3.78,3.55,3.14,3.92,4.61,4.09,3.46,3.23,3.08,3.48,3.62,4.6,3.84,3.53,3.81,6.13,4.55,3.76,3.552
"Egypt, Arab Rep.",EGY,"Unemployment, total (% of total labor force) (modeled ILO estimate)",SL.UEM.TOTL.ZS,,,,,,,,,,,,,,,,,,,,,,,,,,,,,,,,9.38,8.92,10.92,10.93,11.04,9,8.37,8.03,7.95,8.98,9.26,10.01,10.91,10.32,11.05,10.49,8.8,8.52,9.09,8.76,11.85,12.6,13.15,13.1,13.05,12.45,11.77,9.86,7.85,7.97,7.44,6.397,6.268
Euro area,EMU,"Unemployment, total (% of total labor force) (modeled ILO estimate)",SL.UEM.TOTL.ZS,,,,,,,,,,,,,,,,,,,,,,,,,,,,,,,,8.325253123,8.951871976,10.71977816,11.76800404,11.44904966,11.6593402,11.6613221,11.24360192,10.48993024,9.505529419,8.447430682,8.699584988,9.031212235,9.297414004,9.134235179,8.411050384,7.527611474,7.551987427,9.599752961,10.15757698,10.22297922,11.4182027,11.97377463,11.62567919,10.88840718,10.02922591,9.05352295,8.156455924,7.504719009,7.823040917,7.728223575,6.7477427,6.472882334
Eritrea,ERI,"Unemployment, total (% of total labor force) (modeled ILO estimate)",SL.UEM.TOTL.ZS,,,,,,,,,,,,,,,,,,,,,,,,,,,,,,,,5.572,5.749,5.824,5.874,5.702,5.603,5.685,5.794,5.904,5.954,6.009,6.034,6.013,5.906,5.933,5.941,5.958,5.908,5.997,6.105,6.023,5.889,5.839,5.862,5.991,6.044,6.073,5.931,5.934,6.453,6.511,5.974,5.851
Spain,ESP,"Unemployment, total (% of total labor force) (modeled ILO estimate)",SL.UEM.TOTL.ZS,,,,,,,,,,,,,,,,,,,,,,,,,,,,,,,,15.93,17.7,22.16,24.21,22.68,22.14,20.7,18.67,15.48,13.79,10.35,11.15,11.28,11.09,9.15,8.45,8.23,11.25,17.86,19.86,21.39,24.79,26.09,24.44,22.06,19.64,17.22,15.25,14.1,15.53,14.78,12.92,12.137
Estonia,EST,"Unemployment, total (% of total labor force) (modeled ILO estimate)",SL.UEM.TOTL.ZS,,,,,,,,,,,,,,,,,,,,,,,,,,,,,,,,1.47,3.68,6.54,7.56,9.66,9.92,10.33,9.52,11.58,13.36,13.13,10.03,11.29,10.25,8.03,5.91,4.59,5.45,13.55,16.71,12.33,10.02,8.63,7.35,6.19,6.76,5.76,5.37,4.45,6.8,6.18,5.57,6.658
Ethiopia,ETH,"Unemployment, total (% of total labor force) (modeled ILO estimate)",SL.UEM.TOTL.ZS,,,,,,,,,,,,,,,,,,,,,,,,,,,,,,,,3.326,3.495,3.289,3.1,2.953,3.065,3.168,3.451,3.71,3.495,3.126,3.045,3.038,2.799,2.5,2.31,2.317,2.311,2.318,2.285,2.262,2.245,2.25,2.347,2.409,2.509,2.605,2.745,2.85,3.906,3.93,3.415,3.331
European Union,EUU,"Unemployment, total (% of total labor force) (modeled ILO estimate)",SL.UEM.TOTL.ZS,,,,,,,,,,,,,,,,,,,,,,,,,,,,,,,,8.59471293,9.247094163,10.80717272,11.48439667,11.05027853,11.08140337,10.90456183,10.49333679,10.19402933,9.824839944,9.205845494,9.553436555,9.662338444,9.883442739,9.626236403,8.675485445,7.496442582,7.247622815,9.175300701,9.854141601,9.894512011,10.86747469,11.32025074,10.81710378,10.01862468,9.103596124,8.119772494,7.250927175,6.673522308,7.041701934,7.02091554,6.148595222,5.969218826
Fragile and conflict affected situations,FCS,"Unemployment, total (% of total labor force) (modeled ILO estimate)",SL.UEM.TOTL.ZS,,,,,,,,,,,,,,,,,,,,,,,,,,,,,,,,4.49695207,4.46543714,4.494428761,4.598126773,5.100368031,5.370689985,5.466124065,5.731076325,5.999110631,5.99560102,5.898829236,5.869532185,5.740245007,5.571859918,5.237807759,5.088003556,5.013317477,5.054902829,5.14085302,5.216915974,5.260903549,5.371195924,5.393637096,5.547563176,5.635682728,5.80187402,6.043373109,6.04885264,6.077449277,6.930081233,7.119994662,6.138846047,6.105117858
Finland,FIN,"Unemployment, total (% of total labor force) (modeled ILO estimate)",SL.UEM.TOTL.ZS,,,,,,,,,,,,,,,,,,,,,,,,,,,,,,,,6.5,11.6,16.2,16.43,17,15.57,14.97,13.21,11.69,11.13,10.29,10.42,10.47,10.36,8.38,7.72,6.85,6.37,8.25,8.39,7.78,7.69,8.19,8.66,9.38,8.82,8.64,7.36,6.69,7.76,7.61,6.72,6.971
Fiji,FJI,"Unemployment, total (% of total labor force) (modeled ILO estimate)",SL.UEM.TOTL.ZS,,,,,,,,,,,,,,,,,,,,,,,,,,,,,,,,4.659,4.681,4.731,4.643,4.691,4.664,4.753,4.767,4.718,4.712,4.703,4.773,4.74,4.7,3.89,3.961,4.107,4.186,4.306,4.346,4.41,4.378,4.359,4.327,4.293,4.32,4.326,4.336,4.374,4.733,4.797,4.562,4.248
France,FRA,"Unemployment, total (% of total labor force) (modeled ILO estimate)",SL.UEM.TOTL.ZS,,,,,,,,,,,,,,,,,,,,,,,,,,,,,,,,9.13,10.2,11.32,12.59,11.83,12.37,12.57,12.07,11.98,10.22,8.61,8.7,8.31,8.91,8.88,8.83,8.01,7.39,9.12,9.28,9.23,9.84,9.91,10.27,10.35,10.06,9.41,9.02,8.41,8.01,7.86,7.31,7.081
Faroe Islands,FRO,"Unemployment, total (% of total labor force) (modeled ILO estimate)",SL.UEM.TOTL.ZS,,,,,,,,,,,,,,,,,,,,,,,,,,,,,,,,,,,,,,,,,,,,,,,,,,,,,,,,,,,,,,,,
"Micronesia, Fed. Sts.",FSM,"Unemployment, total (% of total labor force) (modeled ILO estimate)",SL.UEM.TOTL.ZS,,,,,,,,,,,,,,,,,,,,,,,,,,,,,,,,,,,,,,,,,,,,,,,,,,,,,,,,,,,,,,,,
Gabon,GAB,"Unemployment, total (% of total labor force) (modeled ILO estimate)",SL.UEM.TOTL.ZS,,,,,,,,,,,,,,,,,,,,,,,,,,,,,,,,17.065,17.69,17.78,17.836,17.335,17.277,17.097,17.098,17.68,18.016,18.008,17.451,17.151,17.144,16.91,17.858,18.244,19.267,19.776,20.39,19.764,19.47,19.562,19.732,19.82,20.041,20.283,20.479,20.369,21.432,21.411,20.61,20.361
United Kingdom,GBR,"Unemployment, total (% of total labor force) (modeled ILO estimate)",SL.UEM.TOTL.ZS,,,,,,,,,,,,,,,,,,,,,,,,,,,,,,,,8.55,9.77,10.35,9.65,8.69,8.19,7.07,6.2,6.04,5.56,4.7,5.04,4.81,4.59,4.75,5.35,5.26,5.62,7.54,7.79,8.04,7.88,7.52,6.11,5.3,4.81,4.33,4,3.74,4.472,4.826,3.73,4.355
Georgia,GEO,"Unemployment, total (% of total labor force) (modeled ILO estimate)",SL.UEM.TOTL.ZS,,,,,,,,,,,,,,,,,,,,,,,,,,,,,,,,2.7,5.4,5.4,8.4,7.6,11.5,11.5,14.53,13.8,10.82,11.16,12.59,11.51,12.62,13.81,13.57,13.28,17.87,20.71,20.2,19.63,19.65,19.42,17.44,16.51,16.6,13.94,12.67,11.57,11.73,11.851,11.683,11.749
Ghana,GHA,"Unemployment, total (% of total labor force) (modeled ILO estimate)",SL.UEM.TOTL.ZS,,,,,,,,,,,,,,,,,,,,,,,,,,,,,,,,3.49,4.7,5.224,5.911,6.495,7.108,7.647,8.2,10.1,10.46,9.632,8.732,7.736,6.757,5.814,4.9,5.121,5.143,5.379,5.38,4.191,3.102,2.17,4.387,6.81,5.295,3.37,3.254,3.17,3.419,3.557,3.518,3.557
Gibraltar,GIB,"Unemployment, total (% of total labor force) (modeled ILO estimate)",SL.UEM.TOTL.ZS,,,,,,,,,,,,,,,,,,,,,,,,,,,,,,,,,,,,,,,,,,,,,,,,,,,,,,,,,,,,,,,,
Guinea,GIN,"Unemployment, total (% of total labor force) (modeled ILO estimate)",SL.UEM.TOTL.ZS,,,,,,,,,,,,,,,,,,,,,,,,,,,,,,,,4.541,4.579,4.546,4.482,4.42,4.45,4.395,4.444,4.477,4.612,4.615,4.55,4.678,4.814,4.999,5.071,4.891,4.894,5.085,5.266,5.246,4.919,5.026,5.195,5.379,5.053,4.771,4.705,5.02,6.064,5.97,5.526,5.403
"Gambia, The",GMB,"Unemployment, total (% of total labor force) (modeled ILO estimate)",SL.UEM.TOTL.ZS,,,,,,,,,,,,,,,,,,,,,,,,,,,,,,,,9.523,9.672,9.72,9.893,10.046,10.106,9.862,9.738,9.536,9.519,9.417,9.936,9.877,9.821,9.786,10.208,10.454,9.975,9.6,9.464,10.255,10.35,9.526,8.202,7.278,6.331,5.16,4.13,4.037,4.763,4.715,4.265,4.137
Guinea-Bissau,GNB,"Unemployment, total (% of total labor force) (modeled ILO estimate)",SL.UEM.TOTL.ZS,,,,,,,,,,,,,,,,,,,,,,,,,,,,,,,,3.097,3.179,3.243,3.275,3.223,3.079,3.031,3.562,3.763,3.786,3.246,3.28,3.363,3.355,3.27,3.244,3.239,3.258,3.243,3.223,3.148,3.231,3.255,3.376,3.246,3.199,3.123,3.2,3.229,3.72,3.812,3.24,3.119
Equatorial Guinea,GNQ,"Unemployment, total (% of total labor force) (modeled ILO estimate)",SL.UEM.TOTL.ZS,,,,,,,,,,,,,,,,,,,,,,,,,,,,,,,,7.393,7.619,7.78,7.894,7.907,7.934,7.941,8.001,8.079,8.115,8.237,8.316,8.348,8.253,8.214,8.124,8.071,8.04,8.211,8.394,8.339,8.186,8.093,8.07,8.185,8.257,8.334,8.244,8.327,9.034,9.187,8.584,8.515
Greece,GRC,"Unemployment, total (% of total labor force) (modeled ILO estimate)",SL.UEM.TOTL.ZS,,,,,,,,,,,,,,,,,,,,,,,,,,,,,,,,7.57,8.93,10.18,9.81,10.12,10.4,10.47,12.23,12.14,11.34,10.76,10.35,9.84,10.63,10.07,8.91,8.35,7.66,9.55,12.72,17.97,24.73,27.69,26.71,24.98,23.51,21.41,19.18,17.04,15.9,14.66,12.43,10.808
Grenada,GRD,"Unemployment, total (% of total labor force) (modeled ILO estimate)",SL.UEM.TOTL.ZS,,,,,,,,,,,,,,,,,,,,,,,,,,,,,,,,,,,,,,,,,,,,,,,,,,,,,,,,,,,,,,,,
Greenland,GRL,"Unemployment, total (% of total labor force) (modeled ILO estimate)",SL.UEM.TOTL.ZS,,,,,,,,,,,,,,,,,,,,,,,,,,,,,,,,,,,,,,,,,,,,,,,,,,,,,,,,,,,,,,,,
Guatemala,GTM,"Unemployment, total (% of total labor force) (modeled ILO estimate)",SL.UEM.TOTL.ZS,,,,,,,,,,,,,,,,,,,,,,,,,,,,,,,,2.696,2.652,2.612,2.595,2.59,2.638,2.623,2.621,2.578,2.615,2.752,2.753,2.81,2.97,3.06,2.953,2.832,2.882,3.214,3.5,3.169,2.76,3.02,2.72,2.51,2.58,2.46,2.28,2.19,2.88,2.17,3.05,3.155
Guam,GUM,"Unemployment, total (% of total labor force) (modeled ILO estimate)",SL.UEM.TOTL.ZS,,,,,,,,,,,,,,,,,,,,,,,,,,,,,,,,3.51,3.84,5.53,7.6,7.9,8.28,9.67,7.74,13.95,15.32,13.21,11.39,9.703,7.7,7,7.4,8.3,8.897,9.3,8.2,13.3,12.2,11.5,7.6,6.9,5.4,5.417,5.449,5.399,6.248,6.002,5.569,5.538
Guyana,GUY,"Unemployment, total (% of total labor force) (modeled ILO estimate)",SL.UEM.TOTL.ZS,,,,,,,,,,,,,,,,,,,,,,,,,,,,,,,,12.171,11.9,11.645,11.57,11.597,11.575,11.596,11.705,11.78,11.909,11.8,11.81,11.532,11.281,11.075,10.7,10.883,11.098,11.412,11.758,11.971,12.224,12.522,12.889,13.286,13.577,13.822,14.02,13.52,15.69,14.98,12.301,10.332
High income,HIC,"Unemployment, total (% of total labor force) (modeled ILO estimate)",SL.UEM.TOTL.ZS,,,,,,,,,,,,,,,,,,,,,,,,,,,,,,,,6.891734326,7.427008144,7.968176315,7.964783542,7.555605686,7.514109329,7.232458786,7.152031293,7.001540968,6.60330221,6.546398426,7.066023273,7.187551811,7.035166632,6.756711194,6.22270989,5.676355928,5.922256674,8.011764073,8.282953972,7.968722187,8.006125636,7.892631356,7.279374032,6.687665487,6.196925541,5.630298564,5.107515245,4.7922992,6.563150064,5.65961414,4.570192199,4.525817347
"Hong Kong SAR, China",HKG,"Unemployment, total (% of total labor force) (modeled ILO estimate)",SL.UEM.TOTL.ZS,,,,,,,,,,,,,,,,,,,,,,,,,,,,,,,,1.8,1.96,1.96,1.9,3.22,2.83,2.22,4.58,6.25,4.92,5.09,7.28,7.86,6.74,5.58,4.77,4.01,3.56,5.26,4.33,3.42,3.29,3.4,3.3,3.31,3.39,3.12,2.81,2.92,5.81,5.17,4.32,4.026
Honduras,HND,"Unemployment, total (% of total labor force) (modeled ILO estimate)",SL.UEM.TOTL.ZS,,,,,,,,,,,,,,,,,,,,,,,,,,,,,,,,4.58,3.06,3.098,3.137,3.24,4.37,3.32,4.02,3.85,3.882,4,4.02,5.3,5.99,4.91,3.57,3.21,3.16,3.29,4.12,4.47,3.75,5.65,7.08,6.15,6.73,5.53,5.62,5.55,10.68,8.23,6.998,6.784
Heavily indebted poor countries (HIPC),HPC,"Unemployment, total (% of total labor force) (modeled ILO estimate)",SL.UEM.TOTL.ZS,,,,,,,,,,,,,,,,,,,,,,,,,,,,,,,,5.170161783,5.315212387,5.313522229,5.258906785,5.040490161,4.985631055,4.893137013,4.969046027,5.131190954,5.19500354,5.118029691,5.095089865,5.058510499,4.932383227,4.778078744,4.697003711,4.646747196,4.621739317,4.697802743,4.906372567,4.873132606,4.695994329,4.472601561,4.477279628,4.62860676,4.614070456,4.659282721,4.581951874,4.596224701,5.408333879,5.373994267,4.880488592,4.944000071
Croatia,HRV,"Unemployment, total (% of total labor force) (modeled ILO estimate)",SL.UEM.TOTL.ZS,,,,,,,,,,,,,,,,,,,,,,,,,,,,,,,,11.14,10.937,10.712,10.333,9.996,9.68,9.71,11.39,13.56,16.06,15.82,15.05,13.92,13.66,12.6,11.13,9.91,8.53,9.2,11.62,13.68,15.93,17.25,17.29,16.18,13.1,11.21,8.43,6.62,7.51,7.61,6.96,6.276
Haiti,HTI,"Unemployment, total (% of total labor force) (modeled ILO estimate)",SL.UEM.TOTL.ZS,,,,,,,,,,,,,,,,,,,,,,,,,,,,,,,,7.352,7.428,7.607,8.006,7.58,7.33,6.966,7.16,7.2,8.448,9.756,11.059,12.196,13.472,14.6,15.926,16.8,16.191,15.33,15.256,14.476,14.1,13.62,13.802,13.717,13.858,13.835,13.896,14.089,15.646,15.558,14.776,14.857
Hungary,HUN,"Unemployment, total (% of total labor force) (modeled ILO estimate)",SL.UEM.TOTL.ZS,,,,,,,,,,,,,,,,,,,,,,,,,,,,,,,,8.5,9.94,12.1,10.85,10.17,10.02,8.99,8.93,6.93,6.56,5.67,5.61,5.79,5.83,7.19,7.49,7.41,7.82,10.03,11.17,11.03,11,10.18,7.73,6.81,5.11,4.16,3.71,3.42,4.25,4.05,3.61,4.091
IBRD only,IBD,"Unemployment, total (% of total labor force) (modeled ILO estimate)",SL.UEM.TOTL.ZS,,,,,,,,,,,,,,,,,,,,,,,,,,,,,,,,4.72221983,4.769278285,5.007522935,5.397751042,5.751854054,5.884630595,6.021151746,6.279260464,6.563449348,6.526194569,6.704515339,6.944665222,7.070078112,6.961200164,6.93121116,6.674876301,6.478333548,6.426825971,6.727745546,6.494753384,6.358818369,6.248686236,6.235919824,6.216034193,6.340118126,6.4384254,6.387480896,6.254163888,6.034856723,6.909280777,6.277985162,5.528699831,5.325910734
IDA & IBRD total,IBT,"Unemployment, total (% of total labor force) (modeled ILO estimate)",SL.UEM.TOTL.ZS,,,,,,,,,,,,,,,,,,,,,,,,,,,,,,,,4.617595711,4.669502823,4.885264943,5.214344129,5.494261351,5.607353132,5.711995272,5.939372639,6.187817234,6.156385603,6.295728438,6.482770719,6.574811934,6.462147659,6.413816268,6.172518579,6.00842991,5.975135507,6.226763772,6.018828556,5.912195215,5.88771281,5.840603129,5.797496633,5.955138228,6.0080796,6.008670792,5.917065635,5.767505369,6.62660236,6.16185524,5.425599322,5.270495767
IDA total,IDA,"Unemployment, total (% of total labor force) (modeled ILO estimate)",SL.UEM.TOTL.ZS,,,,,,,,,,,,,,,,,,,,,,,,,,,,,,,,4.10127355,4.181445821,4.294167274,4.336879485,4.270256558,4.305497748,4.272809646,4.370662676,4.464126666,4.474593138,4.463163561,4.442555407,4.416300987,4.313710902,4.212386305,4.055861035,4.046646441,4.112002827,4.187020132,4.112172066,4.146643482,4.478378355,4.319394173,4.206451098,4.514223953,4.422148557,4.641907342,4.722853381,4.83836744,5.678132207,5.774481467,5.088067755,5.090179067
IDA blend,IDB,"Unemployment, total (% of total labor force) (modeled ILO estimate)",SL.UEM.TOTL.ZS,,,,,,,,,,,,,,,,,,,,,,,,,,,,,,,,2.958463368,3.048537993,3.356157046,3.545858759,3.628619379,3.749148858,3.722815481,3.856154007,3.855978079,3.723473067,3.586933495,3.346497748,3.18989946,3.018288661,2.953533738,2.842150149,2.687776231,2.731791676,2.795980233,2.84751864,2.877601718,3.911923808,3.631809213,3.277831651,4.017842942,3.707702622,4.322095945,4.795096083,5.155727219,5.985390407,5.958835871,5.067873532,4.990943269
Indonesia,IDN,"Unemployment, total (% of total labor force) (modeled ILO estimate)",SL.UEM.TOTL.ZS,,,,,,,,,,,,,,,,,,,,,,,,,,,,,,,,2.62,2.73,2.78,4.37,4.613,4.86,4.68,5.46,6.36,6.08,6.08,6.6,6.66,7.3,7.94,7.55,8.06,7.21,6.11,5.61,5.15,4.47,4.34,4.05,4.51,4.3,3.78,4.39,3.59,4.25,3.83,3.46,3.277
IDA only,IDX,"Unemployment, total (% of total labor force) (modeled ILO estimate)",SL.UEM.TOTL.ZS,,,,,,,,,,,,,,,,,,,,,,,,,,,,,,,,4.594688436,4.67130209,4.697656647,4.677088953,4.545220184,4.546246143,4.513395035,4.595825286,4.731624206,4.807854903,4.854434754,4.932799348,4.965380363,4.894566135,4.775665209,4.598954213,4.657324938,4.734413997,4.818558703,4.690216851,4.727868693,4.739002495,4.635898934,4.631812925,4.742873869,4.749003822,4.786541304,4.690400125,4.695524102,5.539614653,5.690713572,5.097257114,5.13538507
Isle of Man,IMN,"Unemployment, total (% of total labor force) (modeled ILO estimate)",SL.UEM.TOTL.ZS,,,,,,,,,,,,,,,,,,,,,,,,,,,,,,,,,,,,,,,,,,,,,,,,,,,,,,,,,,,,,,,,
India,IND,"Unemployment, total (% of total labor force) (modeled ILO estimate)",SL.UEM.TOTL.ZS,,,,,,,,,,,,,,,,,,,,,,,,,,,,,,,,6.838,6.838,6.838,6.83,6.998,7.165,7.339,7.511,7.68,7.85,8.022,8.202,8.368,8.535,8.7,8.618,8.537,8.463,8.383,8.3,8.215,8.138,8.06,7.976,7.891,7.808,7.728,7.65,6.51,7.86,6.38,4.822,4.668
Not classified,INX,"Unemployment, total (% of total labor force) (modeled ILO estimate)",SL.UEM.TOTL.ZS,,,,,,,,,,,,,,,,,,,,,,,,,,,,,,,,,,,,,,,,,,,,,,,,,,,,,,,,,,,,,,,,
Ireland,IRL,"Unemployment, total (% of total labor force) (modeled ILO estimate)",SL.UEM.TOTL.ZS,,,,,,,,,,,,,,,,,,,,,,,,,,,,,,,,15.77,15.02,15.57,14.54,11.97,11.69,10.19,7.7,5.8,4.32,3.68,4.22,4.48,4.49,4.34,4.41,4.98,6.77,12.61,14.53,15.35,15.45,13.73,11.86,9.91,8.37,6.71,5.74,4.95,5.62,6.19,4.48,4.454
"Iran, Islamic Rep.",IRN,"Unemployment, total (% of total labor force) (modeled ILO estimate)",SL.UEM.TOTL.ZS,,,,,,,,,,,,,,,,,,,,,,,,,,,,,,,,11.1,10.662,10.554,10.41,9.866,9.1,9.692,10.366,11.162,11.691,12.345,12.8,11.529,10.3,11.81,11.52,10.77,10.63,12.11,13.68,12.49,12.27,10.6,10.68,11.17,12.62,12.23,12.19,10.74,9.69,9.28,8.815,8.734
Iraq,IRQ,"Unemployment, total (% of total labor force) (modeled ILO estimate)",SL.UEM.TOTL.ZS,,,,,,,,,,,,,,,,,,,,,,,,,,,,,,,,8.711,8.439,8.445,8.309,8.502,8.593,8.385,8.185,8.111,8.155,8.352,8.65,8.94,8.708,8.587,8.436,8.65,8.475,8.405,8.257,8.171,7.96,9.215,10.59,10.82,10.82,13.02,13.449,14,15.746,16.17,15.322,15.56
Iceland,ISL,"Unemployment, total (% of total labor force) (modeled ILO estimate)",SL.UEM.TOTL.ZS,,,,,,,,,,,,,,,,,,,,,,,,,,,,,,,,2.55,4.31,5.26,5.33,5.2,3.6,3.72,3.07,2.18,1.94,1.87,2.99,4,4.03,2.55,2.83,2.25,2.95,7.22,7.56,7.03,6,5.38,4.9,3.98,2.98,2.74,2.7,3.51,5.48,6.03,3.79,3.051
Israel,ISR,"Unemployment, total (% of total labor force) (modeled ILO estimate)",SL.UEM.TOTL.ZS,,,,,,,,,,,,,,,,,,,,,,,,,,,,,,,,13.39,14.08,12.74,9.93,8.78,8.46,9.75,10.75,11.18,11.1,11.81,12.89,13.51,13.03,11.34,10.71,9.38,7.7,9.53,8.48,7.14,6.76,6.14,5.79,5.18,4.72,4.14,3.92,3.73,4.17,4.81,3.695,3.352
Italy,ITA,"Unemployment, total (% of total labor force) (modeled ILO estimate)",SL.UEM.TOTL.ZS,,,,,,,,,,,,,,,,,,,,,,,,,,,,,,,,10.1,9.32,10.21,11.09,11.66,11.86,11.98,12.12,11.68,10.83,9.6,9.21,8.87,7.87,7.73,6.78,6.08,6.72,7.75,8.36,8.36,10.65,12.15,12.68,11.9,11.69,11.21,10.61,9.95,9.16,9.5,8.07,7.657
Jamaica,JAM,"Unemployment, total (% of total labor force) (modeled ILO estimate)",SL.UEM.TOTL.ZS,,,,,,,,,,,,,,,,,,,,,,,,,,,,,,,,6.314,6.468,6.314,6.416,6.404,6.698,6.778,6.933,6.892,6.823,6.7,6.667,6.576,6.573,6.605,6.626,6.619,6.67,7.31,7.63,8.03,8.69,9.7,9.05,8.824,8.63,7.4,5.47,4.99,6.5,6.156,5.499,5.377
Jordan,JOR,"Unemployment, total (% of total labor force) (modeled ILO estimate)",SL.UEM.TOTL.ZS,,,,,,,,,,,,,,,,,,,,,,,,,,,,,,,,21.211,19.921,19.7,16.929,14.6,13.7,13.735,13.823,13.755,13.7,14.7,15.3,14.5,14.622,14.8,14,13.1,12.7,12.9,12.5,12.9,12.2,12.6,11.9,13.08,15.28,18.12,18.26,16.8,19.21,19.84,19.191,19.05
Japan,JPN,"Unemployment, total (% of total labor force) (modeled ILO estimate)",SL.UEM.TOTL.ZS,,,,,,,,,,,,,,,,,,,,,,,,,,,,,,,,2.06,2.16,2.54,2.89,3.15,3.38,3.37,4.08,4.68,4.75,5.02,5.39,5.25,4.73,4.45,4.19,3.89,4,5.07,5.1,4.55,4.36,4.04,3.59,3.39,3.13,2.82,2.47,2.35,2.81,2.83,2.6,2.649
Kazakhstan,KAZ,"Unemployment, total (% of total labor force) (modeled ILO estimate)",SL.UEM.TOTL.ZS,,,,,,,,,,,,,,,,,,,,,,,,,,,,,,,,0.9,1,1.11,7.54,10.98,12.96,13.01,13.13,13.46,12.75,10.43,9.33,8.78,8.4,8.13,7.79,7.26,6.63,6.55,5.77,5.39,5.29,5.2,5.06,4.93,4.96,4.9,4.85,4.8,4.89,5.572,4.86,4.663
Kenya,KEN,"Unemployment, total (% of total labor force) (modeled ILO estimate)",SL.UEM.TOTL.ZS,,,,,,,,,,,,,,,,,,,,,,,,,,,,,,,,2.86,3.03,3.156,3.116,2.949,2.834,2.899,2.933,2.991,2.987,2.972,3.029,2.955,2.915,2.757,2.66,2.615,2.771,2.865,2.831,2.692,2.659,2.778,2.782,2.771,2.76,3.56,4.296,5.01,5.628,5.69,5.644,5.601
Kyrgyz Republic,KGZ,"Unemployment, total (% of total labor force) (modeled ILO estimate)",SL.UEM.TOTL.ZS,,,,,,,,,,,,,,,,,,,,,,,,,,,,,,,,1,1.1,1.223,1.341,1.437,1.515,1.581,1.67,1.773,1.877,1.971,2.075,2.17,2.265,2.363,2.467,2.562,2.644,2.742,2.86,2.965,3.073,3.148,3.254,3.346,3.465,3.566,3.67,4.25,4.63,4.1,4.017,4.041
Cambodia,KHM,"Unemployment, total (% of total labor force) (modeled ILO estimate)",SL.UEM.TOTL.ZS,,,,,,,,,,,,,,,,,,,,,,,,,,,,,,,,0.781,0.766,0.754,0.986,0.971,0.96,0.64,0.712,0.729,0.75,0.78,0.856,0.91,1.006,1.071,1.158,1.26,0.82,0.58,0.77,0.58,0.499,0.44,0.69,0.39,0.72,0.14,0.128,0.116,0.17,0.4,0.226,0.217
Kiribati,KIR,"Unemployment, total (% of total labor force) (modeled ILO estimate)",SL.UEM.TOTL.ZS,,,,,,,,,,,,,,,,,,,,,,,,,,,,,,,,,,,,,,,,,,,,,,,,,,,,,,,,,,,,,,,,
St. Kitts and Nevis,KNA,"Unemployment, total (% of total labor force) (modeled ILO estimate)",SL.UEM.TOTL.ZS,,,,,,,,,,,,,,,,,,,,,,,,,,,,,,,,,,,,,,,,,,,,,,,,,,,,,,,,,,,,,,,,
"Korea, Rep.",KOR,"Unemployment, total (% of total labor force) (modeled ILO estimate)",SL.UEM.TOTL.ZS,,,,,,,,,,,,,,,,,,,,,,,,,,,,,,,,2.41,2.51,2.88,2.48,2.06,2.05,2.61,6.96,6.34,4.06,3.7,3.05,3.35,3.42,3.48,3.25,3.01,2.96,3.36,3.32,2.99,2.81,2.75,3.08,3.55,3.65,3.65,3.82,3.75,3.93,3.64,2.86,2.661
Kuwait,KWT,"Unemployment, total (% of total labor force) (modeled ILO estimate)",SL.UEM.TOTL.ZS,,,,,,,,,,,,,,,,,,,,,,,,,,,,,,,,0.89,0.882,0.8,0.7,0.696,0.7,0.7,0.7,0.7,0.8,0.8,1.1,1.3,1.7,1.452,1.3,1.5,1.75,1.64,1.82,2.076,2.256,2.511,2.9,2.2,2.16,2.204,2.185,2.213,3.454,2.943,2.198,2.124
Latin America & Caribbean (excluding high income),LAC,"Unemployment, total (% of total labor force) (modeled ILO estimate)",SL.UEM.TOTL.ZS,,,,,,,,,,,,,,,,,,,,,,,,,,,,,,,,5.792574713,5.879567321,5.943126166,6.490029089,7.813139075,8.064074875,7.942960404,8.345696231,9.107932852,9.181769632,8.769467231,8.979826655,8.809022434,8.354334479,8.036063646,7.477971923,7.153003799,6.760676483,7.760093196,7.136759326,6.645993446,6.376511076,6.292718791,6.100485149,6.702415926,7.905399922,8.230205856,8.088574076,8.126488371,10.27346599,9.271610407,6.896188461,6.082315936
Lao PDR,LAO,"Unemployment, total (% of total labor force) (modeled ILO estimate)",SL.UEM.TOTL.ZS,,,,,,,,,,,,,,,,,,,,,,,,,,,,,,,,2.496,2.703,2.725,2.631,2.6,2.453,2.358,2.297,2.16,2.051,1.887,1.78,1.642,1.5,1.35,1.199,1.067,0.943,0.834,0.71,1.059,1.404,1.762,2.123,2.496,2.883,3.27,3.308,3.364,3.862,4.15,3.819,3.787
Lebanon,LBN,"Unemployment, total (% of total labor force) (modeled ILO estimate)",SL.UEM.TOTL.ZS,,,,,,,,,,,,,,,,,,,,,,,,,,,,,,,,8.671,8.344,8.361,8.436,8.512,8.502,8.62,8.548,8.627,8.495,8.366,8.175,8.019,7.85,8.24,8.648,8.98,7.662,6.35,6.778,7.308,7.847,8.341,8.742,9.212,9.694,10.168,10.656,11.3,13.274,12.777,11.747,11.678
Liberia,LBR,"Unemployment, total (% of total labor force) (modeled ILO estimate)",SL.UEM.TOTL.ZS,,,,,,,,,,,,,,,,,,,,,,,,,,,,,,,,2.782,2.9,2.854,2.889,2.762,2.499,2.174,2.025,1.97,1.931,2.023,2.138,2.45,2.455,2.445,2.282,2.233,2.221,2.243,2.27,2.212,2.143,2.078,2.08,2.555,3.08,3.065,3.055,3.067,4.124,3.961,3.025,2.85
Libya,LBY,"Unemployment, total (% of total labor force) (modeled ILO estimate)",SL.UEM.TOTL.ZS,,,,,,,,,,,,,,,,,,,,,,,,,,,,,,,,18.848,19.016,19.147,19.371,19.532,19.408,19.491,19.251,19.273,19.166,19.176,19.182,19.033,18.934,18.738,18.833,18.803,18.983,19.149,19.168,19.379,19.03,19.387,19.369,19.685,19.421,18.964,18.828,18.974,19.708,19.71,19.302,18.523
St. Lucia,LCA,"Unemployment, total (% of total labor force) (modeled ILO estimate)",SL.UEM.TOTL.ZS,,,,,,,,,,,,,,,,,,,,,,,,,,,,,,,,16.542,16.555,16.8,17,15.83,16.33,20.47,21.6,18.09,16.49,18.551,20.39,22.18,20.97,18.7,16,14,12.72,15.37,17.118,18.86,19.06,22.21,21.555,20.789,19.749,18.89,19.12,15.34,20.41,19.58,15.77,14.743
Latin America & Caribbean,LCN,"Unemployment, total (% of total labor force) (modeled ILO estimate)",SL.UEM.TOTL.ZS,,,,,,,,,,,,,,,,,,,,,,,,,,,,,,,,6.106129019,6.085382357,6.091568788,6.698156679,7.925258743,8.30941983,8.154490779,8.497734172,9.443596787,9.466534757,9.068806283,9.409741329,9.269982665,8.751428561,8.232478327,7.607278657,7.222200962,6.836566915,7.810883964,7.211875402,6.707647179,6.422712956,6.37553814,6.181238465,6.681719541,7.747100597,8.038267353,7.940316059,8.008157429,10.21056178,9.199769867,6.906090691,6.19419546
Least developed countries: UN classification,LDC,"Unemployment, total (% of total labor force) (modeled ILO estimate)",SL.UEM.TOTL.ZS,,,,,,,,,,,,,,,,,,,,,,,,,,,,,,,,4.521634359,4.610427736,4.633719858,4.616333721,4.493201992,4.451677047,4.429478878,4.519244914,4.627533676,4.695705316,4.72624912,4.819800696,4.904031668,4.872493382,4.829202444,4.724339097,4.793433134,4.848399549,4.967738592,4.856502058,4.960866015,4.955769142,4.930985568,4.882167505,4.964827729,5.062671776,5.161231337,5.047651864,5.050656515,5.865232587,6.028839075,5.359806777,5.389723253
Low income,LIC,"Unemployment, total (% of total labor force) (modeled ILO estimate)",SL.UEM.TOTL.ZS,,,,,,,,,,,,,,,,,,,,,,,,,,,,,,,,4.753587379,4.858919112,4.843803064,4.817213649,4.684323409,4.706012695,4.707319422,4.829204142,4.962785515,5.052140988,5.03364327,5.003499346,4.936803628,4.784087856,4.616460914,4.604932596,4.640770308,4.759793594,4.681484619,4.829006748,4.876345272,5.021503322,4.910529577,4.902341226,5.021771165,5.14475099,5.268949197,5.22512571,5.240969199,6.04080789,6.107516085,5.612427237,5.712402897
Liechtenstein,LIE,"Unemployment, total (% of total labor force) (modeled ILO estimate)",SL.UEM.TOTL.ZS,,,,,,,,,,,,,,,,,,,,,,,,,,,,,,,,,,,,,,,,,,,,,,,,,,,,,,,,,,,,,,,,
Sri Lanka,LKA,"Unemployment, total (% of total labor force) (modeled ILO estimate)",SL.UEM.TOTL.ZS,,,,,,,,,,,,,,,,,,,,,,,,,,,,,,,,14.66,14.22,13.82,13.03,12.27,11.35,10.6,9.17,8.88,7.74,7.9,8.76,8.22,8.38,7.67,6.5,5.97,5.22,5.85,4.78,4.12,3.88,4.19,4.16,4.52,4.24,4.05,4.32,4.67,5.36,5.306,6.178,6.643
Lower middle income,LMC,"Unemployment, total (% of total labor force) (modeled ILO estimate)",SL.UEM.TOTL.ZS,,,,,,,,,,,,,,,,,,,,,,,,,,,,,,,,5.775254134,5.822979562,5.964179588,5.994506569,6.217656892,6.249470142,6.376555732,6.551537459,6.719830028,6.834551567,6.890040642,6.905527788,6.924364201,6.831801283,6.881609851,6.6917359,6.557652285,6.490784529,6.597080196,6.459749327,6.476651708,6.5907679,6.460070067,6.401145928,6.533062561,6.430624904,6.481093603,6.382437709,5.84883986,6.859759687,6.236912862,5.009236206,4.901235489
Low & middle income,LMY,"Unemployment, total (% of total labor force) (modeled ILO estimate)",SL.UEM.TOTL.ZS,,,,,,,,,,,,,,,,,,,,,,,,,,,,,,,,4.463528319,4.529384288,4.754233392,5.074408111,5.367064794,5.483406694,5.613921127,5.852721278,6.055934194,5.988659587,6.120470045,6.279994242,6.38155439,6.276619625,6.264437618,6.062622965,5.940708739,5.932324275,6.169245077,5.952353413,5.849401062,5.826624652,5.772851788,5.740309175,5.915761773,5.986170525,5.999610479,5.914498527,5.764750751,6.608605153,6.14680239,5.415059933,5.245915055
Lesotho,LSO,"Unemployment, total (% of total labor force) (modeled ILO estimate)",SL.UEM.TOTL.ZS,,,,,,,,,,,,,,,,,,,,,,,,,,,,,,,,15.303,15.235,15.402,15.472,15.719,15.587,15.74,15.861,16.219,16.209,16.071,16.058,16.015,16.15,15.965,15.993,15.826,15.691,16.071,16.001,16.069,15.555,15.791,15.993,16.222,16.097,16.447,16.675,16.88,18.456,18.452,16.745,16.313
Late-demographic dividend,LTE,"Unemployment, total (% of total labor force) (modeled ILO estimate)",SL.UEM.TOTL.ZS,,,,,,,,,,,,,,,,,,,,,,,,,,,,,,,,3.633803953,3.636831458,3.884060585,4.284900297,4.451748601,4.64051471,4.905341447,5.16654998,5.409521327,5.260676263,5.433736341,5.623917142,5.860699334,5.68373656,5.607083104,5.35866764,5.097139811,5.125741395,5.553814493,5.227492943,5.096874902,5.013007936,4.994886012,4.924628582,5.098645295,5.271920559,5.268450764,5.048768883,5.188960662,5.938597924,5.51901276,5.217253202,5.01444483
Lithuania,LTU,"Unemployment, total (% of total labor force) (modeled ILO estimate)",SL.UEM.TOTL.ZS,,,,,,,,,,,,,,,,,,,,,,,,,,,,,,,,1.1,1.2,13.8,13.8,17.54,16.4,14.13,13.71,13.39,15.93,16.84,13.01,12.87,10.68,8.32,5.78,4.25,5.83,13.79,17.81,15.39,13.36,11.77,10.7,9.12,7.86,7.07,6.15,6.26,8.49,7.11,5.96,6.529
Luxembourg,LUX,"Unemployment, total (% of total labor force) (modeled ILO estimate)",SL.UEM.TOTL.ZS,,,,,,,,,,,,,,,,,,,,,,,,,,,,,,,,1.48,2.03,2.33,3.48,2.92,3.29,2.53,2.76,2.39,2.35,1.81,2.62,3.68,5.11,4.49,4.73,4.07,5.06,5.12,4.36,4.9,5.14,5.85,5.85,6.67,6.29,5.52,5.59,5.59,6.77,5.25,4.58,5.286
Latvia,LVA,"Unemployment, total (% of total labor force) (modeled ILO estimate)",SL.UEM.TOTL.ZS,,,,,,,,,,,,,,,,,,,,,,,,,,,,,,,,2.7,6.6,16.7,18.7,19,20.7,14.9,14.45,13.79,14.21,13.82,13.83,12.06,11.71,10.03,7.03,6.05,7.74,17.51,19.48,16.21,15.05,11.87,10.85,9.87,9.64,8.72,7.41,6.31,8.1,7.51,6.81,6.475
"Macao SAR, China",MAC,"Unemployment, total (% of total labor force) (modeled ILO estimate)",SL.UEM.TOTL.ZS,,,,,,,,,,,,,,,,,,,,,,,,,,,,,,,,3.01,2.2,2.06,2.48,3.58,4.25,3.26,4.61,6.35,6.87,6.39,6.27,6,4.9,4.16,3.82,3.27,3,3.58,2.84,2.56,1.97,1.82,1.67,1.81,1.94,1.99,1.83,1.75,2.57,2.24,2.414,1.645
St. Martin (French part),MAF,"Unemployment, total (% of total labor force) (modeled ILO estimate)",SL.UEM.TOTL.ZS,,,,,,,,,,,,,,,,,,,,,,,,,,,,,,,,,,,,,,,,,,,,,,,,,,,,,,,,,,,,,,,,
Morocco,MAR,"Unemployment, total (% of total labor force) (modeled ILO estimate)",SL.UEM.TOTL.ZS,,,,,,,,,,,,,,,,,,,,,,,,,,,,,,,,13.664,13.867,14.042,13.916,14.047,13.527,14.001,13.501,13.94,13.58,12.46,11.59,11.92,10.83,11.01,9.67,9.56,9.57,8.96,9.09,8.91,8.99,9.23,9.7,9.46,9.3,9.687,9.729,9.668,11.726,11.219,9.992,9.774
Monaco,MCO,"Unemployment, total (% of total labor force) (modeled ILO estimate)",SL.UEM.TOTL.ZS,,,,,,,,,,,,,,,,,,,,,,,,,,,,,,,,,,,,,,,,,,,,,,,,,,,,,,,,,,,,,,,,
Moldova,MDA,"Unemployment, total (% of total labor force) (modeled ILO estimate)",SL.UEM.TOTL.ZS,,,,,,,,,,,,,,,,,,,,,,,,,,,,,,,,1.9,3.7,3.7,5.8,5.3,7.9,7.9,10,11.14,8.54,7.37,6.84,6.38,6.37,5.63,4.26,2.75,2.1,3.02,2.97,2.68,2.19,1.89,1.45,1.78,1.59,1.62,1.24,1.5,1.21,0.79,0.91,1.55
Madagascar,MDG,"Unemployment, total (% of total labor force) (modeled ILO estimate)",SL.UEM.TOTL.ZS,,,,,,,,,,,,,,,,,,,,,,,,,,,,,,,,6.323,6.474,6.535,6.231,6.209,6.209,6.039,5.941,5.831,5.8,5.35,5.656,5.01,4.007,2.62,2.944,3.173,3.363,3.861,4.28,2.547,0.6,0.999,1.388,1.79,1.769,1.764,1.765,1.762,2.21,2.246,1.899,1.82
Maldives,MDV,"Unemployment, total (% of total labor force) (modeled ILO estimate)",SL.UEM.TOTL.ZS,,,,,,,,,,,,,,,,,,,,,,,,,,,,,,,,0.794,0.793,0.792,0.791,0.79,1.026,1.262,1.498,1.733,1.97,3.054,4.137,5.216,6.294,7.395,8.484,9.553,10.604,11.7,10.848,10,9.148,8.303,7.46,6.614,5.77,5.368,4.962,4.56,5.477,5.116,4.385,4.216
Middle East & North Africa,MEA,"Unemployment, total (% of total labor force) (modeled ILO estimate)",SL.UEM.TOTL.ZS,,,,,,,,,,,,,,,,,,,,,,,,,,,,,,,,11.23102909,11.36256512,11.97308392,11.95115862,12.22619327,11.20755261,10.97642764,11.09768679,11.40139864,11.90102046,11.9546613,12.10152859,11.82457286,10.71338369,10.83655775,10.14830426,9.619598428,9.275078871,9.421984332,9.5850389,10.105065,10.43925608,10.17834056,10.27389864,10.53875626,10.61071419,10.82972725,10.43412089,9.781532568,10.58200849,10.25684574,9.432254966,9.159460578
Mexico,MEX,"Unemployment, total (% of total labor force) (modeled ILO estimate)",SL.UEM.TOTL.ZS,,,,,,,,,,,,,,,,,,,,,,,,,,,,,,,,3.15,3.24,3.37,4.44,7.1,5.47,4.24,3.73,2.6,2.65,2.63,3,3.46,3.94,3.56,3.57,3.63,3.87,5.36,5.3,5.17,4.89,4.91,4.81,4.31,3.85,3.42,3.27,3.48,4.44,4.09,3.26,2.821
Marshall Islands,MHL,"Unemployment, total (% of total labor force) (modeled ILO estimate)",SL.UEM.TOTL.ZS,,,,,,,,,,,,,,,,,,,,,,,,,,,,,,,,,,,,,,,,,,,,,,,,,,,,,,,,,,,,,,,,
Middle income,MIC,"Unemployment, total (% of total labor force) (modeled ILO estimate)",SL.UEM.TOTL.ZS,,,,,,,,,,,,,,,,,,,,,,,,,,,,,,,,4.444509418,4.507560101,4.748233552,5.091769492,5.413603626,5.536834569,5.676516197,5.923756208,6.132184404,6.054487312,6.197800355,6.372176226,6.487460929,6.387595685,6.388832746,6.174101762,6.04132738,6.024430739,6.287823682,6.043390245,5.929549124,5.89375328,5.845799509,5.812253825,5.993431418,6.060661901,6.065623288,5.977994345,5.813925232,6.66367912,6.150645645,5.395349882,5.198894371
North Macedonia,MKD,"Unemployment, total (% of total labor force) (modeled ILO estimate)",SL.UEM.TOTL.ZS,,,,,,,,,,,,,,,,,,,,,,,,,,,,,,,,24.5,26.3,27.7,30,35.6,38.8,36,34.5,32.4,32.2,30.52,31.94,36.69,37.16,37.32,36.39,35.23,33.93,32.35,33.13,31.5,31.2,29.14,28.38,26.43,24.3,22.81,21.2,17.39,16.55,15.78,14.43,13.15
Mali,MLI,"Unemployment, total (% of total labor force) (modeled ILO estimate)",SL.UEM.TOTL.ZS,,,,,,,,,,,,,,,,,,,,,,,,,,,,,,,,1.374,1.503,1.406,1.55,1.476,1.411,1.395,1.294,1.316,1.397,1.279,1.321,1.197,1.402,1.351,1.429,1.401,1.436,1.438,1.412,1.444,1.555,1.622,1.55,1.426,1.37,1.496,1.62,2.345,3.53,2.44,3.141,3.253
Malta,MLT,"Unemployment, total (% of total labor force) (modeled ILO estimate)",SL.UEM.TOTL.ZS,,,,,,,,,,,,,,,,,,,,,,,,,,,,,,,,6.389,6.381,6.373,6.366,6.358,6.35,6.343,6.335,6.328,6.32,7.11,6.9,7.49,7.32,6.92,6.8,6.47,5.98,6.89,6.85,6.38,6.2,6.11,5.72,5.38,4.69,4,3.66,3.62,4.35,3.39,2.92,2.601
Myanmar,MMR,"Unemployment, total (% of total labor force) (modeled ILO estimate)",SL.UEM.TOTL.ZS,,,,,,,,,,,,,,,,,,,,,,,,,,,,,,,,0.889,0.841,0.818,0.789,0.775,0.779,0.781,0.787,0.777,0.747,0.718,0.704,0.701,0.695,0.687,0.685,0.689,0.698,0.709,0.719,0.733,0.75,0.759,0.755,0.77,1.049,1.36,0.77,0.41,1.48,4.34,2.956,2.923
Middle East & North Africa (excluding high income),MNA,"Unemployment, total (% of total labor force) (modeled ILO estimate)",SL.UEM.TOTL.ZS,,,,,,,,,,,,,,,,,,,,,,,,,,,,,,,,11.90063764,12.06674094,12.84851131,12.94592282,13.35528059,12.22909253,11.96049974,12.11809937,12.48876716,13.09096024,13.1439487,13.24870801,12.87838567,11.5594896,11.76506205,11.01482365,10.5509926,10.35042675,10.50134673,10.77014549,11.49588939,12.01924888,11.76203109,11.90547778,12.3646437,12.51195861,12.75953918,12.30289307,11.53440844,12.17150871,11.89829871,11.01024921,10.75754026
Montenegro,MNE,"Unemployment, total (% of total labor force) (modeled ILO estimate)",SL.UEM.TOTL.ZS,,,,,,,,,,,,,,,,,,,,,,,,,,,,,,,,30.119,30.276,30.433,30.365,30.18,29.977,29.937,30.02,30.256,30.33,30.409,30.336,30.372,30.338,30.31,24.825,19.4,17.15,19.09,19.65,19.76,19.81,19.59,18.05,17.55,17.73,16.08,15.19,15.13,17.88,16.54,15.252,14.389
Mongolia,MNG,"Unemployment, total (% of total labor force) (modeled ILO estimate)",SL.UEM.TOTL.ZS,,,,,,,,,,,,,,,,,,,,,,,,,,,,,,,,5.678,5.839,5.834,5.693,5.5,5.539,5.619,5.756,5.846,5.987,6.107,6.2,6.77,6.857,7.017,7.19,7.2,5.56,5.86,6.55,4.77,3.9,4.23,4.8,4.86,7.24,6.36,5.38,5.736,6.59,7.75,6.21,5.406
Northern Mariana Islands,MNP,"Unemployment, total (% of total labor force) (modeled ILO estimate)",SL.UEM.TOTL.ZS,,,,,,,,,,,,,,,,,,,,,,,,,,,,,,,,,,,,,,,,,,,,,,,,,,,,,,,,,,,,,,,,
Mozambique,MOZ,"Unemployment, total (% of total labor force) (modeled ILO estimate)",SL.UEM.TOTL.ZS,,,,,,,,,,,,,,,,,,,,,,,,,,,,,,,,2.896,3.141,2.958,2.931,2.784,2.777,2.7,2.612,2.637,2.839,2.836,2.914,2.848,2.957,3.041,3.023,3.062,3.087,3.191,3.255,3.293,3.312,3.341,3.38,3.43,3.502,3.588,3.668,3.708,4.074,4.251,3.79,3.674
Mauritania,MRT,"Unemployment, total (% of total labor force) (modeled ILO estimate)",SL.UEM.TOTL.ZS,,,,,,,,,,,,,,,,,,,,,,,,,,,,,,,,9.994,10.086,9.817,9.976,9.704,9.703,9.731,9.962,10.03,10.019,10.15,10.244,9.878,9.704,9.481,9.139,9.353,9.649,10.288,10.138,9.995,9.86,9.917,10.021,10.096,10.304,10.34,10.464,10.42,11.168,11.331,10.791,10.625
Mauritius,MUS,"Unemployment, total (% of total labor force) (modeled ILO estimate)",SL.UEM.TOTL.ZS,,,,,,,,,,,,,,,,,,,,,,,,,,,,,,,,9.515,9.423,9.501,9.505,9.59,9.497,9.362,9.219,9.27,9.1,9.14,8.2,8.33,8.34,9.52,9.04,8.48,7.17,7.26,7.65,7.45,7.47,7.32,7.47,7.41,6.81,6.75,6.43,6.33,8.63,7.72,6.322,4.886
Malawi,MWI,"Unemployment, total (% of total labor force) (modeled ILO estimate)",SL.UEM.TOTL.ZS,,,,,,,,,,,,,,,,,,,,,,,,,,,,,,,,4.882,5.096,4.999,5.499,4.881,4.938,4.619,4.913,5.016,5.07,5.299,5.335,5.225,4.961,4.923,4.947,4.846,4.745,4.663,4.724,4.787,4.94,4.98,4.958,4.935,5,5.041,4.999,4.924,5.736,5.757,5.114,5.026
Malaysia,MYS,"Unemployment, total (% of total labor force) (modeled ILO estimate)",SL.UEM.TOTL.ZS,,,,,,,,,,,,,,,,,,,,,,,,,,,,,,,,3.697,3.71,4.11,3.64,3.15,2.52,2.45,3.2,3.43,3,3.53,3.48,3.61,3.54,3.53,3.32,3.23,3.32,3.66,3.39,3.05,3.1,3.16,2.88,3.1,3.44,3.41,3.3,3.26,4.54,4.083,3.629,3.61
North America,NAC,"Unemployment, total (% of total labor force) (modeled ILO estimate)",SL.UEM.TOTL.ZS,,,,,,,,,,,,,,,,,,,,,,,,,,,,,,,,7.164189487,7.876760469,7.354258819,6.550999189,6.034258698,5.865515681,5.4076601,4.886160917,4.556566563,4.275068772,4.982147731,5.974202786,6.155869832,5.70485535,5.256235461,4.814820394,4.782802975,5.833046182,9.165749241,9.473890135,8.807963196,7.996111685,7.344821549,6.262943851,5.462341476,5.106578033,4.586487665,4.112589991,3.89321024,8.227088483,5.594155685,3.833702128,3.847239961
Namibia,NAM,"Unemployment, total (% of total labor force) (modeled ILO estimate)",SL.UEM.TOTL.ZS,,,,,,,,,,,,,,,,,,,,,,,,,,,,,,,,19.14,18.817,19.021,19.4,21.405,22.863,24.45,23.087,21.665,20.3,21.075,21.626,22.221,22.09,22.109,21.78,22.114,21.969,22.303,22.12,19.488,16.77,19.03,18.52,20.752,23.35,21.783,19.88,19.957,21.146,21.148,19.988,19.627
New Caledonia,NCL,"Unemployment, total (% of total labor force) (modeled ILO estimate)",SL.UEM.TOTL.ZS,,,,,,,,,,,,,,,,,,,,,,,,,,,,,,,,18.094,18.654,18.821,18.946,18.638,18.64,18.38,18.59,18.265,17.96,17.433,17.07,16.713,16.31,15.773,15.244,14.765,14.37,13.97,13.957,13.951,14.067,14.353,14.59,13.637,12.713,11.68,11.7,10.88,13.56,12.552,11.033,10.827
Niger,NER,"Unemployment, total (% of total labor force) (modeled ILO estimate)",SL.UEM.TOTL.ZS,,,,,,,,,,,,,,,,,,,,,,,,,,,,,,,,1.618,1.594,1.557,1.506,1.496,1.5,1.507,1.357,1.363,1.415,1.47,1.79,2.111,2.765,3.1,2.504,1.99,1.559,1.203,0.707,0.32,2.18,1.412,0.52,0.564,0.56,0.572,0.55,0.548,0.657,0.862,0.571,0.533
Nigeria,NGA,"Unemployment, total (% of total labor force) (modeled ILO estimate)",SL.UEM.TOTL.ZS,,,,,,,,,,,,,,,,,,,,,,,,,,,,,,,,3.83,3.773,4.095,4.152,4.276,4.12,4.008,3.948,4.037,3.991,3.92,3.606,3.566,3.507,3.692,3.726,3.791,3.791,3.755,3.731,3.77,3.768,3.71,3.878,4.106,4.52,4.885,5.119,5.206,5.633,5.264,3.83,3.576
Nicaragua,NIC,"Unemployment, total (% of total labor force) (modeled ILO estimate)",SL.UEM.TOTL.ZS,,,,,,,,,,,,,,,,,,,,,,,,,,,,,,,,8.066,7.954,7.97,7.788,7.513,7.194,7.161,7.256,7.219,7.208,7.238,7.528,7.6,6.41,5.37,5.31,4.89,6.2,8.16,7.83,6.615,5.21,5.28,4.52,4.7,3.9,3.3,5.2,5.492,6.276,6.273,4.99,4.746
Netherlands,NLD,"Unemployment, total (% of total labor force) (modeled ILO estimate)",SL.UEM.TOTL.ZS,,,,,,,,,,,,,,,,,,,,,,,,,,,,,,,,7.28,5.56,6.29,7.16,7.16,6.42,5.51,4.39,3.62,2.73,2.12,2.55,3.59,4.65,5.87,5,4.15,3.65,4.35,4.99,4.98,5.82,7.24,7.42,6.87,6.01,4.84,3.83,3.38,3.82,4.21,3.52,3.515
Norway,NOR,"Unemployment, total (% of total labor force) (modeled ILO estimate)",SL.UEM.TOTL.ZS,,,,,,,,,,,,,,,,,,,,,,,,,,,,,,,,5.47,5.92,5.94,5.42,6.31,5.04,4.69,3.74,3.25,3.46,3.74,4.02,4.22,4.26,4.38,3.4,2.49,2.55,3.1,3.52,3.21,3.12,3.42,3.48,4.3,4.68,4.16,3.8,3.69,4.42,4.37,3.23,3.501
Nepal,NPL,"Unemployment, total (% of total labor force) (modeled ILO estimate)",SL.UEM.TOTL.ZS,,,,,,,,,,,,,,,,,,,,,,,,,,,,,,,,10.622,10.626,10.631,10.632,10.638,10.641,10.652,10.658,10.665,10.668,10.669,10.678,10.682,10.682,10.675,10.675,10.676,10.67,10.666,10.661,10.665,10.664,10.666,10.661,10.662,10.667,10.66,10.652,10.64,13.119,12.581,10.923,10.968
Nauru,NRU,"Unemployment, total (% of total labor force) (modeled ILO estimate)",SL.UEM.TOTL.ZS,,,,,,,,,,,,,,,,,,,,,,,,,,,,,,,,,,,,,,,,,,,,,,,,,,,,,,,,,,,,,,,,
New Zealand,NZL,"Unemployment, total (% of total labor force) (modeled ILO estimate)",SL.UEM.TOTL.ZS,,,,,,,,,,,,,,,,,,,,,,,,,,,,,,,,10.61,10.67,9.8,8.35,6.46,6.29,6.86,7.72,7.02,6.13,5.43,5.28,4.75,4.01,3.81,3.86,3.66,4.17,6.12,6.56,6.49,6.93,5.84,5.43,5.42,5.15,4.74,4.34,4.11,4.6,3.78,3.3,3.73
OECD members,OED,"Unemployment, total (% of total labor force) (modeled ILO estimate)",SL.UEM.TOTL.ZS,,,,,,,,,,,,,,,,,,,,,,,,,,,,,,,,6.781956517,7.261018873,7.728022809,7.809603507,7.578069542,7.52769288,7.244044035,7.216342025,7.167471756,6.762114234,6.626619058,7.13423496,7.261150582,7.180759108,6.821251626,6.274572513,5.823537404,6.146446071,8.296974336,8.447913741,8.057126401,8.037600946,7.926729089,7.399037111,6.848033895,6.429938518,5.899365823,5.461089953,5.383051828,7.137491808,6.199966966,4.985310899,4.835775887
Oman,OMN,"Unemployment, total (% of total labor force) (modeled ILO estimate)",SL.UEM.TOTL.ZS,,,,,,,,,,,,,,,,,,,,,,,,,,,,,,,,4.177,4.275,4.133,4.19,4.273,4.346,4.284,4.34,4.407,4.387,4.331,4.363,4.614,4.705,4.597,4.371,4.286,4.14,3.993,3.924,3.917,3.724,3.522,3.436,3.393,3.27,2.526,1.8,2.051,2.94,1.9,1.531,1.495
Other small states,OSS,"Unemployment, total (% of total labor force) (modeled ILO estimate)",SL.UEM.TOTL.ZS,,,,,,,,,,,,,,,,,,,,,,,,,,,,,,,,9.705405236,10.21269354,10.89266018,11.20938621,11.56313006,11.67934438,11.79027255,11.63009296,11.67385116,11.49606626,11.67567351,11.6046052,11.96396549,11.74672892,11.40357341,10.7248504,10.18294343,9.856849043,10.57092155,10.79203924,10.40774075,10.11466518,10.31377091,10.018095,9.871760255,9.81304374,9.438447116,9.032514373,8.912655447,9.935155678,10.00293516,9.446797476,9.293370808
Pakistan,PAK,"Unemployment, total (% of total labor force) (modeled ILO estimate)",SL.UEM.TOTL.ZS,,,,,,,,,,,,,,,,,,,,,,,,,,,,,,,,0.583,0.583,0.585,0.585,0.586,0.585,0.586,0.587,0.587,0.585,0.585,0.585,0.584,0.582,0.58,0.58,0.4,0.42,0.54,0.65,0.8,3.67,2.95,1.83,3.57,2.29,3.187,4.08,4.83,6.215,6.34,5.595,5.717
Panama,PAN,"Unemployment, total (% of total labor force) (modeled ILO estimate)",SL.UEM.TOTL.ZS,,,,,,,,,,,,,,,,,,,,,,,,,,,,,,,,6.501,6.342,6.39,6.48,6.55,6.562,6.456,6.325,6.309,6.344,6.451,6.439,6.412,6.185,6.053,5.857,5.748,5.707,5.851,5.875,4.05,3.717,3.703,4.419,4.368,4.759,5.392,5.218,6.33,14.183,10.451,8.202,7.648
Peru,PER,"Unemployment, total (% of total labor force) (modeled ILO estimate)",SL.UEM.TOTL.ZS,,,,,,,,,,,,,,,,,,,,,,,,,,,,,,,,4.979,5.107,4.848,4.557,4.757,4.958,4.797,5.105,5.018,4.963,5.058,4.84,4.15,4.71,4.87,4.17,4.08,4.03,3.96,3.6,3.48,3.24,3.57,3.21,3.27,3.74,3.69,3.49,3.38,7.18,5.1,3.85,3.506
Philippines,PHL,"Unemployment, total (% of total labor force) (modeled ILO estimate)",SL.UEM.TOTL.ZS,,,,,,,,,,,,,,,,,,,,,,,,,,,,,,,,3.777,3.88,3.893,3.798,3.718,3.649,3.631,3.717,3.758,3.768,3.7,3.618,3.53,3.55,3.8,4.05,3.43,3.72,3.86,3.61,3.59,3.5,3.5,3.6,3.07,2.7,2.55,2.34,2.24,2.52,3.4,2.375,2.244
Palau,PLW,"Unemployment, total (% of total labor force) (modeled ILO estimate)",SL.UEM.TOTL.ZS,,,,,,,,,,,,,,,,,,,,,,,,,,,,,,,,,,,,,,,,,,,,,,,,,,,,,,,,,,,,,,,,
Papua New Guinea,PNG,"Unemployment, total (% of total labor force) (modeled ILO estimate)",SL.UEM.TOTL.ZS,,,,,,,,,,,,,,,,,,,,,,,,,,,,,,,,2.856,2.684,2.472,2.5,2.664,2.771,2.878,2.878,2.942,2.92,2.803,2.752,2.627,2.526,2.391,2.291,2.178,2.167,2.087,2,2.62,2.639,2.703,2.57,2.548,2.529,2.628,2.698,2.707,3.067,3.24,2.779,2.739
Poland,POL,"Unemployment, total (% of total labor force) (modeled ILO estimate)",SL.UEM.TOTL.ZS,,,,,,,,,,,,,,,,,,,,,,,,,,,,,,,,13.642,13.65,14.01,14.44,13.34,12.34,10.96,9.94,12.29,16.31,18.37,19.89,19.37,19.07,17.75,13.84,9.6,7.12,8.17,9.64,9.63,10.09,10.33,8.99,7.5,6.16,4.89,3.85,3.28,3.16,3.36,2.89,2.804
Pre-demographic dividend,PRE,"Unemployment, total (% of total labor force) (modeled ILO estimate)",SL.UEM.TOTL.ZS,,,,,,,,,,,,,,,,,,,,,,,,,,,,,,,,5.477485611,5.556161872,5.651241447,5.624330433,5.467424965,5.307466553,5.179922466,5.165989889,5.226417633,5.276196952,5.262639206,5.214514286,5.190369132,5.1158739,5.094213582,5.082502746,5.038428194,5.033166512,5.097765603,5.304107785,5.370514789,5.285811098,5.136798244,5.106775828,5.185311134,5.304969594,5.614721647,5.625917573,5.687380081,6.279525143,6.186062508,5.50635107,5.519162398
Puerto Rico,PRI,"Unemployment, total (% of total labor force) (modeled ILO estimate)",SL.UEM.TOTL.ZS,,,,,,,,,,,,,,,,,,,,,,,,,,,,,,,,16.18,16.93,16.91,14.6,13.93,13.64,13.8,13.46,11.81,10.08,11.4,11.94,11.78,10.31,11.35,11.01,10.93,11.48,15,16.1,15.7,14.5,14.3,13.9,12,11.8,10.8,9.2,8.3,8.89,7.9,6,6.21
"Korea, Dem. People's Rep.",PRK,"Unemployment, total (% of total labor force) (modeled ILO estimate)",SL.UEM.TOTL.ZS,,,,,,,,,,,,,,,,,,,,,,,,,,,,,,,,2.375,2.41,2.514,2.624,2.646,2.683,2.773,2.965,3.158,3.143,3.159,3.122,3.138,3.092,3.049,3.018,3.005,2.934,2.921,2.852,2.929,2.951,2.96,2.913,2.932,2.955,2.875,2.822,2.807,3.116,3.23,3.072,3.007
Portugal,PRT,"Unemployment, total (% of total labor force) (modeled ILO estimate)",SL.UEM.TOTL.ZS,,,,,,,,,,,,,,,,,,,,,,,,,,,,,,,,3.92,3.98,5.3,6.71,7.06,7.3,6.57,4.64,4.58,3.81,3.83,4.5,6.13,6.32,7.58,7.65,7.97,7.55,9.43,10.77,12.68,15.53,16.19,13.9,12.45,11.07,8.87,6.99,6.46,6.8,6.58,6.01,6.47
Paraguay,PRY,"Unemployment, total (% of total labor force) (modeled ILO estimate)",SL.UEM.TOTL.ZS,,,,,,,,,,,,,,,,,,,,,,,,,,,,,,,,5.1,4.98,5.06,4.41,3.4,8.15,5.36,4.42,5.34,7.61,6.21,9.39,6.81,6.51,4.82,5.28,4.71,4.42,5.46,4.57,4.67,4.09,4.38,5.03,4.56,5.25,6.14,6.22,6.59,7.55,7.31,6.75,5.629
West Bank and Gaza,PSE,"Unemployment, total (% of total labor force) (modeled ILO estimate)",SL.UEM.TOTL.ZS,,,,,,,,,,,,,,,,,,,,,,,,,,,,,,,,10.577,10.349,10.442,10.233,10.412,10.516,10.534,10.457,10.38,10.63,21.49,27.46,23,23.21,20.02,19.01,18.28,22.91,20.45,21.42,17.6,19.2,19.89,20.53,23,23.94,25.68,26.26,25.34,25.89,26.39,24.42,
Pacific island small states,PSS,"Unemployment, total (% of total labor force) (modeled ILO estimate)",SL.UEM.TOTL.ZS,,,,,,,,,,,,,,,,,,,,,,,,,,,,,,,,3.882177617,3.886839319,3.949710357,3.925879032,3.99861321,4.031165671,4.159323326,4.252847997,4.291334621,4.380180228,4.475209583,4.560742619,4.471333283,4.30887596,3.809490027,3.777771254,3.739275256,3.653454839,3.598294504,3.511998483,3.461663075,3.575398832,3.470313859,3.457421364,3.455871498,3.46206235,3.479238926,3.485624515,3.508458349,3.577077768,3.702551048,3.890483345,3.720674853
Post-demographic dividend,PST,"Unemployment, total (% of total labor force) (modeled ILO estimate)",SL.UEM.TOTL.ZS,,,,,,,,,,,,,,,,,,,,,,,,,,,,,,,,6.302334397,6.918264909,7.516175281,7.509919074,7.380412878,7.557114601,7.363503996,7.397330305,7.115744451,6.533641646,6.377438805,6.766751655,6.850134302,6.657350549,6.376082312,5.963420092,5.547246219,5.884469638,8.039077644,8.314615024,8.025083007,8.081868818,7.964092889,7.441416385,6.868548747,6.404636542,5.83754405,5.289277382,4.939528213,6.706529088,5.796063011,4.511295341,4.467884571
French Polynesia,PYF,"Unemployment, total (% of total labor force) (modeled ILO estimate)",SL.UEM.TOTL.ZS,,,,,,,,,,,,,,,,,,,,,,,,,,,,,,,,11.744,11.854,11.893,12.064,12.018,11.985,11.923,11.843,11.748,11.628,11.686,11.71,11.714,11.643,11.632,11.74,11.74,11.878,11.933,12.105,12.17,12.133,11.954,11.734,11.542,11.441,11.402,11.417,11.443,12.829,12.363,11.797,11.669
Qatar,QAT,"Unemployment, total (% of total labor force) (modeled ILO estimate)",SL.UEM.TOTL.ZS,,,,,,,,,,,,,,,,,,,,,,,,,,,,,,,,0.87,0.87,0.87,0.87,0.87,0.87,0.87,0.87,0.87,0.87,0.87,0.87,0.87,0.87,0.87,0.87,0.52,0.31,0.31,0.45,0.56,0.48,0.28,0.2,0.17,0.15,0.14,0.11,0.1,0.14,0.14,0.13,0.132
Romania,ROU,"Unemployment, total (% of total labor force) (modeled ILO estimate)",SL.UEM.TOTL.ZS,,,,,,,,,,,,,,,,,,,,,,,,,,,,,,,,8.246,8.26,8.24,8.17,8.01,6.74,5.52,5.63,6.24,6.97,6.56,8.11,6.95,7.72,7.17,7.27,6.41,5.79,6.86,6.96,7.18,6.79,7.1,6.8,6.81,5.9,4.93,4.19,3.91,5.03,5.59,5.61,5.616
Russian Federation,RUS,"Unemployment, total (% of total labor force) (modeled ILO estimate)",SL.UEM.TOTL.ZS,,,,,,,,,,,,,,,,,,,,,,,,,,,,,,,,5.134,5.18,5.88,8.13,9.45,9.67,11.81,13.26,13.04,10.58,8.98,7.88,8.21,7.76,7.12,7.06,6,6.21,8.3,7.37,6.54,5.44,5.46,5.16,5.57,5.56,5.21,4.85,4.5,5.59,4.72,3.867,3.159
Rwanda,RWA,"Unemployment, total (% of total labor force) (modeled ILO estimate)",SL.UEM.TOTL.ZS,,,,,,,,,,,,,,,,,,,,,,,,,,,,,,,,12.776,12.536,12.493,12.531,12.253,11.731,11.133,11.302,11.616,11.831,11.851,11.522,11.751,11.784,11.928,11.65,11.639,11.567,11.676,11.682,11.801,11.703,11.8,11.866,11.853,11.799,11.88,10.76,11.24,11.83,15.79,15.08,14.945
South Asia,SAS,"Unemployment, total (% of total labor force) (modeled ILO estimate)",SL.UEM.TOTL.ZS,,,,,,,,,,,,,,,,,,,,,,,,,,,,,,,,6.050183023,6.042634798,6.047786065,6.031835542,6.160547902,6.274065281,6.40705048,6.540892764,6.682325716,6.809181229,6.961067928,7.134793668,7.277298523,7.392333314,7.4979084,7.356724817,7.313269105,7.290597935,7.285487148,7.056505099,7.019119928,7.266272065,7.167146668,6.988910051,7.107640343,6.922155892,6.957783191,6.990164112,6.200331849,7.50344402,6.393256724,5.050291067,4.949247329
Saudi Arabia,SAU,"Unemployment, total (% of total labor force) (modeled ILO estimate)",SL.UEM.TOTL.ZS,,,,,,,,,,,,,,,,,,,,,,,,,,,,,,,,7.285,7.2,7.052,6.84,6.402,5.823,5.31,4.77,4.35,4.57,4.62,5.26,5.56,5.82,6.05,6.25,5.73,5.09,5.38,5.55,5.77,5.62,5.6,5.88,5.6,5.6,5.89,6.03,5.64,7.45,6.62,5.59,5.007
Sudan,SDN,"Unemployment, total (% of total labor force) (modeled ILO estimate)",SL.UEM.TOTL.ZS,,,,,,,,,,,,,,,,,,,,,,,,,,,,,,,,15,15.094,14.803,14.997,15.01,14.963,14.44,14.483,14.559,14.913,14.84,14.747,14.744,14.78,14.786,14.773,14.75,14.8,13,15.117,17.44,17.971,18.044,17.745,17.055,17.001,17.141,17.306,17.514,19.208,19.188,17.585,20.813
Senegal,SEN,"Unemployment, total (% of total labor force) (modeled ILO estimate)",SL.UEM.TOTL.ZS,,,,,,,,,,,,,,,,,,,,,,,,,,,,,,,,5.782,5.912,5.805,5.939,5.731,5.698,5.55,5.529,5.336,5.298,5.366,5.65,6.709,7.83,8.659,10.03,10.184,10.237,10.201,10.153,10.36,9.471,8.764,7.653,6.76,4.46,4.08,3.57,2.86,3.339,3.321,3.012,2.965
Singapore,SGP,"Unemployment, total (% of total labor force) (modeled ILO estimate)",SL.UEM.TOTL.ZS,,,,,,,,,,,,,,,,,,,,,,,,,,,,,,,,2.18,3.09,3.07,3.03,3.3,3.57,2.5,3.41,4.85,3.7,3.76,5.65,5.93,5.84,5.59,4.48,3.9,3.96,5.86,4.12,3.89,3.72,3.86,3.74,3.79,4.08,4.2,3.606,3.1,4.1,4.64,3.59,3.199
Solomon Islands,SLB,"Unemployment, total (% of total labor force) (modeled ILO estimate)",SL.UEM.TOTL.ZS,,,,,,,,,,,,,,,,,,,,,,,,,,,,,,,,2.009,1.904,1.881,1.856,1.885,1.912,2.024,2.144,2.173,2.381,2.541,2.586,2.244,2.023,1.897,1.929,1.982,2,2.02,1.626,1.299,0.987,0.69,0.721,0.726,0.725,0.717,0.713,0.733,0.891,0.937,1.609,1.601
Sierra Leone,SLE,"Unemployment, total (% of total labor force) (modeled ILO estimate)",SL.UEM.TOTL.ZS,,,,,,,,,,,,,,,,,,,,,,,,,,,,,,,,4.147,4.413,4.442,4.505,4.353,4.349,4.405,4.273,4.325,4.161,4.269,3.911,3.88,3.42,3.786,3.981,4.097,4.219,4.366,4.538,4.66,4.62,4.532,4.68,4.742,4.458,3.953,3.19,3.199,3.565,3.663,3.269,3.205
El Salvador,SLV,"Unemployment, total (% of total labor force) (modeled ILO estimate)",SL.UEM.TOTL.ZS,,,,,,,,,,,,,,,,,,,,,,,,,,,,,,,,7.53,7.88,9.94,7.68,7.65,7.68,7.98,7.1,7.3,6.96,6.96,6.2,6.9,6.8,7.22,6.57,6.41,5.88,7.33,4.89,4.3,3.84,3.69,4.15,4,4.42,4.39,4.01,4.17,5.01,4.33,3,2.766
San Marino,SMR,"Unemployment, total (% of total labor force) (modeled ILO estimate)",SL.UEM.TOTL.ZS,,,,,,,,,,,,,,,,,,,,,,,,,,,,,,,,,,,,,,,,,,,,,,,,,,,,,,,,,,,,,,,,
Somalia,SOM,"Unemployment, total (% of total labor force) (modeled ILO estimate)",SL.UEM.TOTL.ZS,,,,,,,,,,,,,,,,,,,,,,,,,,,,,,,,19.17,19.49,19.282,20.11,19.618,19.466,18.751,18.662,18.694,18.483,18.47,18.464,18.459,18.474,18.509,18.568,18.52,18.568,18.593,18.627,18.661,18.872,18.92,18.887,18.387,18.293,18.497,18.781,18.83,19.587,19.936,19.291,19.194
Serbia,SRB,"Unemployment, total (% of total labor force) (modeled ILO estimate)",SL.UEM.TOTL.ZS,,,,,,,,,,,,,,,,,,,,,,,,,,,,,,,,13.358,13.456,13.562,13.513,13.4,13.2,13.8,13.7,13.7,12.6,12.8,13.8,15.2,18.5,20.85,20.85,18.06,13.67,16.12,19.2,22.96,24,22.15,19.22,17.66,15.26,13.48,12.73,10.39,9.01,10.06,8.684,7.836
Sub-Saharan Africa (excluding high income),SSA,"Unemployment, total (% of total labor force) (modeled ILO estimate)",SL.UEM.TOTL.ZS,,,,,,,,,,,,,,,,,,,,,,,,,,,,,,,,6.498544808,6.637943892,6.6838858,6.610777517,6.435134891,6.324783907,6.270458615,6.310439832,6.442010443,6.437491306,6.333536173,6.226550464,6.164504035,6.015811403,5.914135684,5.823073121,5.779927574,5.781376353,5.872518043,6.11789646,6.03453198,5.920532685,5.748380306,5.784343056,5.949869433,6.044499679,6.152680474,6.139888557,6.264349664,6.738892981,6.933668636,6.293733182,6.235160271
South Sudan,SSD,"Unemployment, total (% of total labor force) (modeled ILO estimate)",SL.UEM.TOTL.ZS,,,,,,,,,,,,,,,,,,,,,,,,,,,,,,,,12.278,12.354,12.117,12.281,12.297,12.265,11.842,11.881,11.946,12.239,12.183,12.11,12.112,12.142,12.145,12.133,12.112,12.15,12.38,12.422,12.6,12.98,12.731,12.564,12.411,13.128,13.404,13.17,12.781,14.413,14.295,12.442,12.038
Sub-Saharan Africa,SSF,"Unemployment, total (% of total labor force) (modeled ILO estimate)",SL.UEM.TOTL.ZS,,,,,,,,,,,,,,,,,,,,,,,,,,,,,,,,6.498544808,6.637943892,6.6838858,6.610777517,6.435134891,6.324783907,6.270458615,6.310439832,6.442010443,6.437491306,6.333536173,6.226550464,6.164504035,6.015811403,5.914135684,5.823073121,5.779927574,5.781376353,5.872518043,6.11789646,6.03453198,5.920532685,5.748380306,5.784343056,5.949869433,6.044499679,6.152680474,6.139888557,6.264349664,6.738892981,6.933668636,6.293733182,6.235160271
Small states,SST,"Unemployment, total (% of total labor force) (modeled ILO estimate)",SL.UEM.TOTL.ZS,,,,,,,,,,,,,,,,,,,,,,,,,,,,,,,,9.873717488,10.34365845,10.77810343,10.91614136,10.97164379,11.02844371,11.04864085,10.88648023,10.8472738,10.62565689,10.67398003,10.64859235,10.93129541,10.60495491,10.30389142,9.665323966,9.22754026,8.964375221,9.717815982,9.86681686,9.616289638,9.486108203,9.708870917,9.411412691,9.251919037,9.234970572,8.827795895,8.38964878,8.236355053,9.30968265,9.308139104,8.716089633,8.509248688
Sao Tome and Principe,STP,"Unemployment, total (% of total labor force) (modeled ILO estimate)",SL.UEM.TOTL.ZS,,,,,,,,,,,,,,,,,,,,,,,,,,,,,,,,14.533,14.746,14.501,14.436,14.349,14.331,14.439,14.412,14.345,14.4,15.73,17.63,16.36,16.12,16.47,16.65,16.078,15.545,15.507,14.674,14.232,13.59,13.747,13.604,13.562,13.624,13.838,13.922,14.083,15.373,15.413,14.354,14.242
Suriname,SUR,"Unemployment, total (% of total labor force) (modeled ILO estimate)",SL.UEM.TOTL.ZS,,,,,,,,,,,,,,,,,,,,,,,,,,,,,,,,17.09,17.28,15.64,12.7,8.39,10.88,10.56,10.63,13.6,12.973,12.135,11.231,10.35,9.49,9.264,9.097,9.005,8.832,8.72,7.15,7.54,8.1,6.6,6.94,7.22,7.92,7.885,7.687,7.547,8.739,8.53,8.226,8.015
Slovak Republic,SVK,"Unemployment, total (% of total labor force) (modeled ILO estimate)",SL.UEM.TOTL.ZS,,,,,,,,,,,,,,,,,,,,,,,,,,,,,,,,12.165,12.213,12.2,13.65,13.11,11.34,11.89,12.42,16.1,18.55,19.15,18.54,17.55,18.21,16.28,13.39,11.16,9.51,12.02,14.39,13.63,13.97,14.23,11.54,11.49,9.68,8.14,6.54,5.76,6.72,6.89,6.14,5.828
Slovenia,SVN,"Unemployment, total (% of total labor force) (modeled ILO estimate)",SL.UEM.TOTL.ZS,,,,,,,,,,,,,,,,,,,,,,,,,,,,,,,,7.08,7.825,8.51,8.24,7.15,6.91,6.65,7.39,7.32,6.92,6.39,6.35,6.71,6.33,6.55,5.99,4.87,4.41,5.89,7.26,8.2,8.88,10.14,9.72,9,8.02,6.57,5.13,4.45,4.99,4.74,4.01,3.518
Sweden,SWE,"Unemployment, total (% of total labor force) (modeled ILO estimate)",SL.UEM.TOTL.ZS,,,,,,,,,,,,,,,,,,,,,,,,,,,,,,,,3.13,5.59,9.19,9.49,8.9,9.55,10.36,8.94,7.61,5.47,4.73,4.97,5.55,6.69,7.49,7.07,6.16,6.23,8.35,8.61,7.8,7.98,8.05,7.95,7.43,6.99,6.72,6.36,6.83,8.29,8.72,7.39,7.735
Eswatini,SWZ,"Unemployment, total (% of total labor force) (modeled ILO estimate)",SL.UEM.TOTL.ZS,,,,,,,,,,,,,,,,,,,,,,,,,,,,,,,,20.264,20.766,21.754,21.73,21.65,22.076,22.5,23.246,23.915,24.616,25.334,25.855,26.323,26.754,27.246,27.698,28.24,27.919,27.533,26.869,26.061,25.099,24.393,23.774,23.263,22.72,22.65,22.637,22.535,24.769,24.372,22.643,22.19
Sint Maarten (Dutch part),SXM,"Unemployment, total (% of total labor force) (modeled ILO estimate)",SL.UEM.TOTL.ZS,,,,,,,,,,,,,,,,,,,,,,,,,,,,,,,,,,,,,,,,,,,,,,,,,,,,,,,,,,,,,,,,
Seychelles,SYC,"Unemployment, total (% of total labor force) (modeled ILO estimate)",SL.UEM.TOTL.ZS,,,,,,,,,,,,,,,,,,,,,,,,,,,,,,,,,,,,,,,,,,,,,,,,,,,,,,,,,,,,,,,,
Syrian Arab Republic,SYR,"Unemployment, total (% of total labor force) (modeled ILO estimate)",SL.UEM.TOTL.ZS,,,,,,,,,,,,,,,,,,,,,,,,,,,,,,,,6.75,6.966,7.4,7.5,7.2,7.232,7.322,7.393,7.6,9.592,11.63,10.941,10.28,9.522,8.82,8.17,8.42,10.94,8.14,8.61,8.611,13.8,14.419,14.683,14.246,13.856,13.672,13.562,13.409,15.279,15.084,13.809,13.487
Turks and Caicos Islands,TCA,"Unemployment, total (% of total labor force) (modeled ILO estimate)",SL.UEM.TOTL.ZS,,,,,,,,,,,,,,,,,,,,,,,,,,,,,,,,,,,,,,,,,,,,,,,,,,,,,,,,,,,,,,,,
Chad,TCD,"Unemployment, total (% of total labor force) (modeled ILO estimate)",SL.UEM.TOTL.ZS,,,,,,,,,,,,,,,,,,,,,,,,,,,,,,,,0.662,0.649,0.7,0.708,0.756,0.686,0.72,0.708,0.735,0.782,0.772,0.742,0.691,0.637,0.63,0.671,0.796,0.885,0.878,0.836,0.864,0.852,0.908,0.883,0.931,1.022,1.111,1.13,1.057,1.684,1.591,1.1,0.992
East Asia & Pacific (IDA & IBRD countries),TEA,"Unemployment, total (% of total labor force) (modeled ILO estimate)",SL.UEM.TOTL.ZS,,,,,,,,,,,,,,,,,,,,,,,,,,,,,,,,2.409136198,2.375814294,2.628028443,2.926859537,3.010281889,3.115659405,3.208034624,3.374107061,3.464566508,3.420344892,3.851225001,4.171805884,4.425006658,4.417717746,4.496210711,4.389471835,4.369013499,4.45482976,4.440526262,4.175989748,4.125541639,4.064228764,4.065691959,4.062430875,4.137486421,4.054017981,3.931582811,3.824602974,3.912109537,4.39131577,4.1408526,4.253777771,4.209790396
Europe & Central Asia (IDA & IBRD countries),TEC,"Unemployment, total (% of total labor force) (modeled ILO estimate)",SL.UEM.TOTL.ZS,,,,,,,,,,,,,,,,,,,,,,,,,,,,,,,,5.938922823,6.358010055,6.97792814,8.351759216,9.333374322,9.933173382,10.60373298,11.46698641,11.89743343,11.15995659,10.77340485,10.55895781,10.30102324,10.02900024,9.366396912,8.560333711,7.467335347,7.202519384,8.832662586,8.438366579,7.905694906,7.436926667,7.500925821,7.567356825,7.535755741,7.370061419,7.017381993,6.574346904,6.621040681,7.122652226,6.748470011,5.597055882,5.143419969
Togo,TGO,"Unemployment, total (% of total labor force) (modeled ILO estimate)",SL.UEM.TOTL.ZS,,,,,,,,,,,,,,,,,,,,,,,,,,,,,,,,4.046,4.232,4.604,4.218,3.955,3.493,3.505,3.693,3.82,4.152,4.084,4.057,3.898,3.939,4.131,4.23,3.834,3.27,2.841,2.368,1.98,2.023,2.077,2.136,2.2,2.957,3.74,3.759,3.765,4.172,4.398,3.846,3.724
Thailand,THA,"Unemployment, total (% of total labor force) (modeled ILO estimate)",SL.UEM.TOTL.ZS,,,,,,,,,,,,,,,,,,,,,,,,,,,,,,,,2.63,1.35,1.49,1.35,1.1,1.07,0.87,3.4,2.97,2.39,2.6,1.82,1.54,1.51,1.35,1.22,1.18,1.18,1.49,0.62,0.66,0.58,0.25,0.58,0.6,0.69,0.83,0.77,0.72,1.1,1.21,0.94,0.89
Tajikistan,TJK,"Unemployment, total (% of total labor force) (modeled ILO estimate)",SL.UEM.TOTL.ZS,,,,,,,,,,,,,,,,,,,,,,,,,,,,,,,,1.9,2.1,6.2,8.8,10.3,13.4,13.9,16.5,15.4,14.972,14.565,14.147,13.75,13.362,12.994,12.626,12.253,11.869,11.5,10.844,10.186,9.517,8.859,8.205,7.554,6.9,6.898,6.895,6.894,7.304,7.469,7.001,6.898
Turkmenistan,TKM,"Unemployment, total (% of total labor force) (modeled ILO estimate)",SL.UEM.TOTL.ZS,,,,,,,,,,,,,,,,,,,,,,,,,,,,,,,,1.4,1.5,1.5,4.7,8.3,10.3,11,12.2,12.7,11.747,10.893,10.095,9.233,8.361,7.454,6.571,5.7,4.844,4,4,4.001,3.994,3.995,4.005,4.016,4.026,4.036,4.04,4.043,4.551,4.529,4.126,4.101
Latin America & the Caribbean (IDA & IBRD countries),TLA,"Unemployment, total (% of total labor force) (modeled ILO estimate)",SL.UEM.TOTL.ZS,,,,,,,,,,,,,,,,,,,,,,,,,,,,,,,,5.96038339,5.922737615,5.919118735,6.575904271,7.865856958,8.281681881,8.133578377,8.511821489,9.49722179,9.54993386,9.160340303,9.520363514,9.394234763,8.879304252,8.337167658,7.699840772,7.308040204,6.912808279,7.889450351,7.25252689,6.725872817,6.434122018,6.388481062,6.204174739,6.732944205,7.831662552,8.140187846,8.044810389,8.124764453,10.36727169,9.334102805,7.002036844,6.275089672
Timor-Leste,TLS,"Unemployment, total (% of total labor force) (modeled ILO estimate)",SL.UEM.TOTL.ZS,,,,,,,,,,,,,,,,,,,,,,,,,,,,,,,,3.345,3.311,3.277,3.296,3.315,3.327,3.355,3.41,3.638,3.578,3.475,3.331,3.406,3.486,3.439,3.449,3.402,3.362,3.296,3.3,3.532,3.767,4.01,4.228,4.451,4.66,4.191,3.69,3.079,2.791,2.34,1.786,1.79
Middle East & North Africa (IDA & IBRD countries),TMN,"Unemployment, total (% of total labor force) (modeled ILO estimate)",SL.UEM.TOTL.ZS,,,,,,,,,,,,,,,,,,,,,,,,,,,,,,,,11.90980228,12.07874919,12.86560756,12.96551954,13.37699215,12.24208222,11.97139152,12.13062406,12.50438475,13.10958286,13.08594234,13.15030398,12.80257335,11.47333481,11.70315471,10.95422157,10.48969732,10.24906925,10.41995482,10.68105138,11.44163923,11.9535903,11.68666587,11.82322917,12.25708201,12.39632091,12.6262508,12.15804988,11.38576204,12.027818,11.73701675,10.85760255,10.75754026
Tonga,TON,"Unemployment, total (% of total labor force) (modeled ILO estimate)",SL.UEM.TOTL.ZS,,,,,,,,,,,,,,,,,,,,,,,,,,,,,,,,1.347,1.347,1.3,1.708,2.015,2.421,2.866,3.354,3.711,4.115,4.475,4.835,5.18,3.933,2.562,1.09,1.183,1.258,1.409,1.515,1.605,1.651,1.761,1.922,2.025,2.051,2.136,2.25,2.136,2.733,2.11,2.429,2.365
South Asia (IDA & IBRD),TSA,"Unemployment, total (% of total labor force) (modeled ILO estimate)",SL.UEM.TOTL.ZS,,,,,,,,,,,,,,,,,,,,,,,,,,,,,,,,6.050183023,6.042634798,6.047786065,6.031835542,6.160547902,6.274065281,6.40705048,6.540892764,6.682325716,6.809181229,6.961067928,7.134793668,7.277298523,7.392333314,7.4979084,7.356724817,7.313269105,7.290597935,7.285487148,7.056505099,7.019119928,7.266272065,7.167146668,6.988910051,7.107640343,6.922155892,6.957783191,6.990164112,6.200331849,7.50344402,6.393256724,5.050291067,4.949247329
Sub-Saharan Africa (IDA & IBRD countries),TSS,"Unemployment, total (% of total labor force) (modeled ILO estimate)",SL.UEM.TOTL.ZS,,,,,,,,,,,,,,,,,,,,,,,,,,,,,,,,6.498544808,6.637943892,6.6838858,6.610777517,6.435134891,6.324783907,6.270458615,6.310439832,6.442010443,6.437491306,6.333536173,6.226550464,6.164504035,6.015811403,5.914135684,5.823073121,5.779927574,5.781376353,5.872518043,6.11789646,6.03453198,5.920532685,5.748380306,5.784343056,5.949869433,6.044499679,6.152680474,6.139888557,6.264349664,6.738892981,6.933668636,6.293733182,6.235160271
Trinidad and Tobago,TTO,"Unemployment, total (% of total labor force) (modeled ILO estimate)",SL.UEM.TOTL.ZS,,,,,,,,,,,,,,,,,,,,,,,,,,,,,,,,18.52,19.66,19.81,18.44,17.22,16.25,15.01,14.21,13.12,12.1,10.88,10.39,10.48,8.33,7.95,6.27,5.54,4.63,5.28,4.03,3.43,3.72,2.68,2.48,2.43,3.21,3.388,3.49,3.52,4.21,4.45,3.812,3.538
Tunisia,TUN,"Unemployment, total (% of total labor force) (modeled ILO estimate)",SL.UEM.TOTL.ZS,,,,,,,,,,,,,,,,,,,,,,,,,,,,,,,,15.996,15.685,15.997,16.042,16.338,16.064,15.94,15.483,15.21,14.94,14.4,14.55,14.51,14.23,12.87,12.51,12.36,12.44,13.29,13.05,18.33,17.63,15.93,14.26,15.16,15.56,15.33,15.46,17.15,18.629,18.524,17.759,17.715
Turkiye,TUR,"Unemployment, total (% of total labor force) (modeled ILO estimate)",SL.UEM.TOTL.ZS,,,,,,,,,,,,,,,,,,,,,,,,,,,,,,,,8.11,8.18,8.25,8.15,7.24,6.26,6.45,6.55,7.45,6.3,8.37,10.35,10.55,10.83,10.63,8.72,8.87,9.71,12.55,10.66,8.8,8.15,8.73,9.88,10.24,10.84,10.82,10.89,13.67,13.11,11.98,10.43,9.639
Tuvalu,TUV,"Unemployment, total (% of total labor force) (modeled ILO estimate)",SL.UEM.TOTL.ZS,,,,,,,,,,,,,,,,,,,,,,,,,,,,,,,,,,,,,,,,,,,,,,,,,,,,,,,,,,,,,,,,
Tanzania,TZA,"Unemployment, total (% of total labor force) (modeled ILO estimate)",SL.UEM.TOTL.ZS,,,,,,,,,,,,,,,,,,,,,,,,,,,,,,,,3.6,3.735,4.049,4.026,3.782,3.532,3.373,3.316,3.251,3.152,2.99,3.007,3.027,3.079,3.177,3.3,3.02,2.778,2.5,3.047,3.47,3.232,2.93,2.12,2.129,2.189,2.251,2.34,2.445,2.78,2.866,2.603,2.556
Uganda,UGA,"Unemployment, total (% of total labor force) (modeled ILO estimate)",SL.UEM.TOTL.ZS,,,,,,,,,,,,,,,,,,,,,,,,,,,,,,,,3.407,3.535,3.458,3.425,3.117,3.094,3.143,3.402,3.448,3.535,3.527,3.5,3.6,2.688,1.9,2.252,2.65,3.007,3.6,3.632,3.512,3.55,1.91,2.429,2.793,3.149,3.64,3.382,3.109,3.812,3.42,2.938,2.851
Ukraine,UKR,"Unemployment, total (% of total labor force) (modeled ILO estimate)",SL.UEM.TOTL.ZS,,,,,,,,,,,,,,,,,,,,,,,,,,,,,,,,1.9,1.9,2,2,5.62,7.65,8.93,11.32,11.86,11.71,11.06,10.14,9.06,8.59,7.18,6.81,6.35,6.36,8.84,8.1,7.85,7.53,7.17,9.27,9.14,9.35,9.5,8.8,8.19,9.48,9.83,,
Upper middle income,UMC,"Unemployment, total (% of total labor force) (modeled ILO estimate)",SL.UEM.TOTL.ZS,,,,,,,,,,,,,,,,,,,,,,,,,,,,,,,,3.633524093,3.698625246,3.990840699,4.524297835,4.902108683,5.076161787,5.218238391,5.507225308,5.737636337,5.523850042,5.722752892,6.004118265,6.183930666,6.077075496,6.041778458,5.805024096,5.668963969,5.68379118,6.058167338,5.728316856,5.514361648,5.362402781,5.370592994,5.351875277,5.567106407,5.765201466,5.730398851,5.648745284,5.785242748,6.499063302,6.07804353,5.721769509,5.461493613
Uruguay,URY,"Unemployment, total (% of total labor force) (modeled ILO estimate)",SL.UEM.TOTL.ZS,,,,,,,,,,,,,,,,,,,,,,,,,,,,,,,,8.95,8.96,8.35,9.04,10.02,11.93,11.44,9.36,10.47,12.63,15.05,16.65,16.66,12.98,12.01,10.84,9.4,8.03,7.74,7.16,6.31,6.45,6.44,6.55,7.49,7.84,7.89,8.34,8.73,10.33,9.29,7.87,8.388
United States,USA,"Unemployment, total (% of total labor force) (modeled ILO estimate)",SL.UEM.TOTL.ZS,,,,,,,,,,,,,,,,,,,,,,,,,,,,,,,,6.8,7.5,6.9,6.12,5.65,5.45,5,4.51,4.22,3.99,4.73,5.78,5.99,5.53,5.08,4.62,4.62,5.78,9.25,9.63,8.95,8.07,7.37,6.17,5.28,4.87,4.36,3.9,3.67,8.05,5.35,3.65,3.648
Uzbekistan,UZB,"Unemployment, total (% of total labor force) (modeled ILO estimate)",SL.UEM.TOTL.ZS,,,,,,,,,,,,,,,,,,,,,,,,,,,,,,,,1.9,2.9,4.9,7.3,7.8,10.7,10.9,13.3,13.3,12.283,11.25,10.218,9.179,8.12,7.069,6.024,4.99,4.89,5.04,5.36,4.96,4.87,4.86,5.09,5.15,5.16,5.83,5.379,4.92,5.29,5.419,4.507,4.326
St. Vincent and the Grenadines,VCT,"Unemployment, total (% of total labor force) (modeled ILO estimate)",SL.UEM.TOTL.ZS,,,,,,,,,,,,,,,,,,,,,,,,,,,,,,,,19.77,19.546,19.665,19.961,19.988,20.33,20.112,20.506,20.528,20.794,21.1,20.619,19.972,19.53,19.452,19.153,18.929,18.79,19.368,19.93,20.005,19.819,19.323,19.203,19.093,18.979,18.946,18.931,19.194,20.678,20.455,19.554,18.59
"Venezuela, RB",VEN,"Unemployment, total (% of total labor force) (modeled ILO estimate)",SL.UEM.TOTL.ZS,,,,,,,,,,,,,,,,,,,,,,,,,,,,,,,,9.45,7.69,6.6,8.56,10.24,11.77,11.16,11.15,14.53,13.99,13.04,16.17,16.78,15.07,10.66,8.61,7.28,6.25,6.1,7.11,6.9,6.6,7.54,6.798,6.085,5.32,5.05,5.512,5.923,7.53,7.133,5.62,5.903
British Virgin Islands,VGB,"Unemployment, total (% of total labor force) (modeled ILO estimate)",SL.UEM.TOTL.ZS,,,,,,,,,,,,,,,,,,,,,,,,,,,,,,,,,,,,,,,,,,,,,,,,,,,,,,,,,,,,,,,,
Virgin Islands (U.S.),VIR,"Unemployment, total (% of total labor force) (modeled ILO estimate)",SL.UEM.TOTL.ZS,,,,,,,,,,,,,,,,,,,,,,,,,,,,,,,,11.781,12.064,12.246,12.06,11.631,11.515,11.281,11.061,10.687,10.294,10.41,10.646,10.95,10.615,10.553,10.034,9.814,9.899,11.196,11.417,11.713,11.798,12.254,12.364,12.17,12.284,12.005,12.207,12.332,14.687,14.125,12.856,12.257
Viet Nam,VNM,"Unemployment, total (% of total labor force) (modeled ILO estimate)",SL.UEM.TOTL.ZS,,,,,,,,,,,,,,,,,,,,,,,,,,,,,,,,2.198,2.158,2.069,1.988,1.964,1.93,2.87,2.29,2.33,2.26,2.76,2.12,2.25,2.14,2.075,2.045,2.03,1.893,1.74,1.11,1,1.03,1.32,1.26,1.85,1.85,1.87,1.16,1.68,2.1,2.38,1.54,1.654
Vanuatu,VUT,"Unemployment, total (% of total labor force) (modeled ILO estimate)",SL.UEM.TOTL.ZS,,,,,,,,,,,,,,,,,,,,,,,,,,,,,,,,8.048,8.021,8.336,8.167,8.214,8.17,8.292,8.288,8.347,8.316,8.45,8.618,8.667,8.439,8.129,8.01,6.853,5.66,4.56,4.676,4.808,4.935,5.041,5.134,5.239,5.251,5.282,5.324,5.44,4.05,4.789,5.219,5.228
World,WLD,"Unemployment, total (% of total labor force) (modeled ILO estimate)",SL.UEM.TOTL.ZS,,,,,,,,,,,,,,,,,,,,,,,,,,,,,,,,4.99007834,5.142942193,5.423462398,5.678143647,5.827912606,5.914375015,5.956870905,6.128300599,6.271695122,6.137498082,6.22844136,6.46726377,6.573675495,6.453276734,6.37390127,6.102762819,5.89699745,5.931742989,6.508866786,6.384542493,6.239522284,6.225651015,6.16362885,6.022234262,6.055028359,6.021302182,5.929759775,5.768691509,5.591541614,6.603278524,6.064104831,5.267477115,5.123160912
Samoa,WSM,"Unemployment, total (% of total labor force) (modeled ILO estimate)",SL.UEM.TOTL.ZS,,,,,,,,,,,,,,,,,,,,,,,,,,,,,,,,2.1,2.435,2.686,2.994,3.24,3.513,3.779,4.123,4.481,4.728,4.96,4.982,5.044,5.166,5.217,5.323,5.424,5.533,5.638,5.62,5.68,8.75,8.768,8.72,8.903,9.07,9.4,9.503,9.584,10.374,10.619,10.036,9.484
Kosovo,XKX,"Unemployment, total (% of total labor force) (modeled ILO estimate)",SL.UEM.TOTL.ZS,,,,,,,,,,,,,,,,,,,,,,,,,,,,,,,,,,,,,,,,,,,,,,,,,,,,,,,,,,,,,,,,
"Yemen, Rep.",YEM,"Unemployment, total (% of total labor force) (modeled ILO estimate)",SL.UEM.TOTL.ZS,,,,,,,,,,,,,,,,,,,,,,,,,,,,,,,,8.184,8.135,8.34,8.34,8.986,9.589,10.224,10.831,11.46,11.564,11.727,11.845,12.014,12.133,12.223,12.355,12.49,12.651,12.76,12.793,13.265,13.425,13.619,13.47,17.9,18.341,18.504,17.65,17.35,18.34,18.647,17.613,17.533
South Africa,ZAF,"Unemployment, total (% of total labor force) (modeled ILO estimate)",SL.UEM.TOTL.ZS,,,,,,,,,,,,,,,,,,,,,,,,,,,,,,,,20.543,20.945,20.819,20.464,20.032,19.787,19.836,20.048,20.204,20.069,19.887,19.781,19.882,19.732,19.608,19.401,19.342,19.51,20.51,23.18,21.42,21.79,22.04,22.61,22.87,24.02,23.99,24.22,25.54,24.34,28.77,28.84,28.396
Zambia,ZMB,"Unemployment, total (% of total labor force) (modeled ILO estimate)",SL.UEM.TOTL.ZS,,,,,,,,,,,,,,,,,,,,,,,,,,,,,,,,18.9,19.63,19.7,18.793,16.847,15.3,13.188,12,12.507,12.93,13.376,14.133,14.701,15.337,15.9,13.225,10.552,7.93,10.589,13.19,10.554,7.85,8.063,8.137,8.34,8.431,8.52,5.03,5.54,6.03,5.2,4.374,4.22
Zimbabwe,ZWE,"Unemployment, total (% of total labor force) (modeled ILO estimate)",SL.UEM.TOTL.ZS,,,,,,,,,,,,,,,,,,,,,,,,,,,,,,,,4.75,4.929,5.007,4.96,5.557,6.123,6.93,6.356,6,5.683,5.297,4.994,4.743,4.39,4.665,4.802,5.073,5.543,5.617,5.542,5.37,5.02,4.932,4.77,5.412,5.918,6.349,6.767,7.37,8.651,9.54,9.256,9.116
